lr-Adam,step,train_loss,epoch,val_Class_Accuracy,val_No_Obj_Accuracy,val_Obj_Accuracy,test_Class_Accuracy,test_No_Obj_Accuracy,test_Obj_Accuracy
2.0423291792006875e-05,49,,,,,,,,
,49,41.093841552734375,0,,,,,,
3.105930382466696e-05,99,,,,,,,,
,99,35.680015563964844,0,,,,,,
4.169531585732703e-05,149,,,,,,,,
,149,26.62954330444336,0,,,,,,
5.2331327889987105e-05,199,,,,,,,,
,199,23.642475128173828,0,,,,,,
6.296733992264718e-05,249,,,,,,,,
,249,20.323246002197266,0,,,,,,
7.360335195530726e-05,299,,,,,,,,
,299,18.45972442626953,0,,,,,,
8.423936398796733e-05,349,,,,,,,,
,349,17.96882438659668,0,,,,,,
9.487537602062742e-05,399,,,,,,,,
,399,18.81797981262207,0,,,,,,
0.00010551138805328749,449,,,,,,,,
,449,15.857275009155273,0,,,,,,
0.00011614740008594758,499,,,,,,,,
,499,17.99185562133789,0,,,,,,
0.00012678341211860765,549,,,,,,,,
,549,14.165002822875977,0,,,,,,
0.00013741942415126774,599,,,,,,,,
,599,16.764713287353516,0,,,,,,
0.00014805543618392778,649,,,,,,,,
,649,14.184515953063965,0,,,,,,
0.00015869144821658787,699,,,,,,,,
,699,14.643587112426758,0,,,,,,
0.00016932746024924796,749,,,,,,,,
,749,14.942355155944824,0,,,,,,
0.00017996347228190805,799,,,,,,,,
,799,13.679929733276367,0,,,,,,
0.00019059948431456811,849,,,,,,,,
,849,13.90461540222168,0,,,,,,
0.00020123549634722818,899,,,,,,,,
,899,13.872418403625488,0,,,,,,
,930,,0,34.875885009765625,97.02088165283203,9.606882095336914,,,
0.00021187150837988827,949,,,,,,,,
,949,13.198915481567383,1,,,,,,
0.00022250752041254833,999,,,,,,,,
,999,13.103777885437012,1,,,,,,
0.00023314353244520842,1049,,,,,,,,
,1049,13.926558494567871,1,,,,,,
0.0002437795444778685,1099,,,,,,,,
,1099,12.243992805480957,1,,,,,,
0.0002544155565105286,1149,,,,,,,,
,1149,13.023844718933105,1,,,,,,
0.0002650515685431887,1199,,,,,,,,
,1199,13.81727409362793,1,,,,,,
0.0002756875805758488,1249,,,,,,,,
,1249,13.358856201171875,1,,,,,,
0.0002863235926085088,1299,,,,,,,,
,1299,11.65155029296875,1,,,,,,
0.0002969596046411689,1349,,,,,,,,
,1349,11.420477867126465,1,,,,,,
0.000307595616673829,1399,,,,,,,,
,1399,13.224620819091797,1,,,,,,
0.0003182316287064891,1449,,,,,,,,
,1449,12.820954322814941,1,,,,,,
0.0003288676407391491,1499,,,,,,,,
,1499,11.324708938598633,1,,,,,,
0.0003395036527718092,1549,,,,,,,,
,1549,11.694124221801758,1,,,,,,
0.0003501396648044693,1599,,,,,,,,
,1599,14.169169425964355,1,,,,,,
0.00036077567683712934,1649,,,,,,,,
,1649,11.998809814453125,1,,,,,,
0.0003714116888697895,1699,,,,,,,,
,1699,12.132786750793457,1,,,,,,
0.0003820477009024495,1749,,,,,,,,
,1749,11.12064266204834,1,,,,,,
0.00039268371293510956,1799,,,,,,,,
,1799,12.052547454833984,1,,,,,,
0.0004033197249677697,1849,,,,,,,,
,1849,12.575870513916016,1,,,,,,
,1861,,1,37.15570831298828,99.94816589355469,1.627728819847107,,,
0.00041395573700042974,1899,,,,,,,,
,1899,10.381673812866211,2,,,,,,
0.0004245917490330899,1949,,,,,,,,
,1949,12.28460693359375,2,,,,,,
0.0004352277610657499,1999,,,,,,,,
,1999,11.723045349121094,2,,,,,,
0.00044586377309841,2049,,,,,,,,
,2049,12.23767375946045,2,,,,,,
0.0004564997851310701,2099,,,,,,,,
,2099,14.014913558959961,2,,,,,,
0.00046713579716373013,2149,,,,,,,,
,2149,12.727441787719727,2,,,,,,
0.0004777718091963902,2199,,,,,,,,
,2199,10.832700729370117,2,,,,,,
0.0004884078212290503,2249,,,,,,,,
,2249,12.470481872558594,2,,,,,,
0.0004990438332617104,2299,,,,,,,,
,2299,11.598786354064941,2,,,,,,
0.0005096798452943705,2349,,,,,,,,
,2349,10.136642456054688,2,,,,,,
0.0005203158573270305,2399,,,,,,,,
,2399,10.941878318786621,2,,,,,,
0.0005309518693596906,2449,,,,,,,,
,2449,11.344643592834473,2,,,,,,
0.0005415878813923508,2499,,,,,,,,
,2499,10.771476745605469,2,,,,,,
0.0005522238934250107,2549,,,,,,,,
,2549,11.73510456085205,2,,,,,,
0.0005628599054576708,2599,,,,,,,,
,2599,10.578957557678223,2,,,,,,
0.0005734959174903309,2649,,,,,,,,
,2649,11.850664138793945,2,,,,,,
0.0005841319295229909,2699,,,,,,,,
,2699,10.971914291381836,2,,,,,,
0.0005947679415556511,2749,,,,,,,,
,2749,13.144947052001953,2,,,,,,
,2792,,2,39.91679000854492,99.8165283203125,4.7285871505737305,,,
0.0006054039535883112,2799,,,,,,,,
,2799,11.435937881469727,3,,,,,,
0.0006160399656209712,2849,,,,,,,,
,2849,10.659757614135742,3,,,,,,
0.0006266759776536313,2899,,,,,,,,
,2899,12.933818817138672,3,,,,,,
0.0006373119896862914,2949,,,,,,,,
,2949,10.500910758972168,3,,,,,,
0.0006479480017189516,2999,,,,,,,,
,2999,10.143601417541504,3,,,,,,
0.0006585840137516115,3049,,,,,,,,
,3049,11.769519805908203,3,,,,,,
0.0006692200257842716,3099,,,,,,,,
,3099,10.720602035522461,3,,,,,,
0.0006798560378169317,3149,,,,,,,,
,3149,9.81208610534668,3,,,,,,
0.0006904920498495917,3199,,,,,,,,
,3199,11.110745429992676,3,,,,,,
0.0007011280618822519,3249,,,,,,,,
,3249,9.28641414642334,3,,,,,,
0.000711764073914912,3299,,,,,,,,
,3299,10.828309059143066,3,,,,,,
0.000722400085947572,3349,,,,,,,,
,3349,10.695005416870117,3,,,,,,
0.0007330360979802321,3399,,,,,,,,
,3399,10.937692642211914,3,,,,,,
0.0007436721100128922,3449,,,,,,,,
,3449,11.606592178344727,3,,,,,,
0.0007543081220455522,3499,,,,,,,,
,3499,11.233053207397461,3,,,,,,
0.0007649441340782123,3549,,,,,,,,
,3549,10.107260704040527,3,,,,,,
0.0007755801461108724,3599,,,,,,,,
,3599,9.501008033752441,3,,,,,,
0.0007862161581435324,3649,,,,,,,,
,3649,10.70779037475586,3,,,,,,
0.0007968521701761925,3699,,,,,,,,
,3699,10.47673225402832,3,,,,,,
,3723,,3,40.83634948730469,98.16876220703125,22.02068519592285,,,
0.0008074881822088527,3749,,,,,,,,
,3749,10.65837574005127,4,,,,,,
0.0008181241942415127,3799,,,,,,,,
,3799,10.18558120727539,4,,,,,,
0.0008287602062741728,3849,,,,,,,,
,3849,9.895966529846191,4,,,,,,
0.0008393962183068329,3899,,,,,,,,
,3899,11.690170288085938,4,,,,,,
0.0008500322303394928,3949,,,,,,,,
,3949,9.616964340209961,4,,,,,,
0.000860668242372153,3999,,,,,,,,
,3999,10.35362720489502,4,,,,,,
0.0008713042544048131,4049,,,,,,,,
,4049,11.135616302490234,4,,,,,,
0.0008819402664374731,4099,,,,,,,,
,4099,10.707050323486328,4,,,,,,
0.0008925762784701332,4149,,,,,,,,
,4149,9.571252822875977,4,,,,,,
0.0009032122905027933,4199,,,,,,,,
,4199,10.053356170654297,4,,,,,,
0.0009138483025354535,4249,,,,,,,,
,4249,9.376870155334473,4,,,,,,
0.0009244843145681135,4299,,,,,,,,
,4299,11.458438873291016,4,,,,,,
0.0009351203266007736,4349,,,,,,,,
,4349,16.645751953125,4,,,,,,
0.0009457563386334336,4399,,,,,,,,
,4399,14.09427261352539,4,,,,,,
0.0009563923506660936,4449,,,,,,,,
,4449,13.656291007995605,4,,,,,,
0.0009670283626987538,4499,,,,,,,,
,4499,12.923179626464844,4,,,,,,
0.000977664374731414,4549,,,,,,,,
,4549,11.880524635314941,4,,,,,,
0.000988300386764074,4599,,,,,,,,
,4599,13.015244483947754,4,,,,,,
0.000998936398796734,4649,,,,,,,,
,4649,14.016501426696777,4,,,,,,
,4654,,4,35.17124938964844,100.0,0.0,,,
0.0009986191345711217,4699,,,,,,,,
,4699,15.202005386352539,5,,,,,,
0.0009970848396501457,4749,,,,,,,,
,4749,13.103517532348633,5,,,,,,
0.00099555054472917,4799,,,,,,,,
,4799,12.934755325317383,5,,,,,,
0.000994016249808194,4849,,,,,,,,
,4849,16.15685272216797,5,,,,,,
0.000992481954887218,4899,,,,,,,,
,4899,13.70303726196289,5,,,,,,
0.000990947659966242,4949,,,,,,,,
,4949,14.95700454711914,5,,,,,,
0.0009894133650452663,4999,,,,,,,,
,4999,13.515108108520508,5,,,,,,
0.0009878790701242904,5049,,,,,,,,
,5049,12.228887557983398,5,,,,,,
0.0009863447752033144,5099,,,,,,,,
,5099,13.61101245880127,5,,,,,,
0.0009848104802823384,5149,,,,,,,,
,5149,14.425382614135742,5,,,,,,
0.0009832761853613627,5199,,,,,,,,
,5199,13.220772743225098,5,,,,,,
0.0009817418904403867,5249,,,,,,,,
,5249,13.232436180114746,5,,,,,,
0.0009802075955194108,5299,,,,,,,,
,5299,11.548896789550781,5,,,,,,
0.0009786733005984348,5349,,,,,,,,
,5349,12.36463737487793,5,,,,,,
0.000977139005677459,5399,,,,,,,,
,5399,12.500959396362305,5,,,,,,
0.0009756047107564831,5449,,,,,,,,
,5449,12.14822006225586,5,,,,,,
0.0009740704158355071,5499,,,,,,,,
,5499,13.508416175842285,5,,,,,,
0.0009725361209145313,5549,,,,,,,,
,5549,12.3779296875,5,,,,,,
,5585,,5,37.60173034667969,99.07266235351562,5.950279712677002,,,
0.0009710018259935553,5599,,,,,,,,
,5599,11.823774337768555,6,,,,,,
0.0009694675310725795,5649,,,,,,,,
,5649,12.518720626831055,6,,,,,,
0.0009679332361516035,5699,,,,,,,,
,5699,11.005343437194824,6,,,,,,
0.0009663989412306277,5749,,,,,,,,
,5749,11.408382415771484,6,,,,,,
0.0009648646463096517,5799,,,,,,,,
,5799,12.127758026123047,6,,,,,,
0.0009633303513886758,5849,,,,,,,,
,5849,12.002527236938477,6,,,,,,
0.0009617960564676999,5899,,,,,,,,
,5899,11.654373168945312,6,,,,,,
0.0009602617615467239,5949,,,,,,,,
,5949,11.042997360229492,6,,,,,,
0.0009587274666257481,5999,,,,,,,,
,5999,12.843788146972656,6,,,,,,
0.0009571931717047722,6049,,,,,,,,
,6049,11.248556137084961,6,,,,,,
0.0009556588767837962,6099,,,,,,,,
,6099,11.929059028625488,6,,,,,,
0.0009541245818628203,6149,,,,,,,,
,6149,10.53787612915039,6,,,,,,
0.0009525902869418444,6199,,,,,,,,
,6199,13.121172904968262,6,,,,,,
0.0009510559920208686,6249,,,,,,,,
,6249,13.006978988647461,6,,,,,,
0.0009495216970998926,6299,,,,,,,,
,6299,11.63965129852295,6,,,,,,
0.0009479874021789167,6349,,,,,,,,
,6349,11.451627731323242,6,,,,,,
0.0009464531072579408,6399,,,,,,,,
,6399,11.121262550354004,6,,,,,,
0.0009449188123369649,6449,,,,,,,,
,6449,11.250187873840332,6,,,,,,
0.000943384517415989,6499,,,,,,,,
,6499,12.49874496459961,6,,,,,,
,6516,,6,39.989723205566406,99.03009033203125,9.639814376831055,,,
0.000941850222495013,6549,,,,,,,,
,6549,11.367111206054688,7,,,,,,
0.0009403159275740372,6599,,,,,,,,
,6599,12.228649139404297,7,,,,,,
0.0009387816326530613,6649,,,,,,,,
,6649,11.295854568481445,7,,,,,,
0.0009372473377320853,6699,,,,,,,,
,6699,11.356135368347168,7,,,,,,
0.0009357130428111094,6749,,,,,,,,
,6749,11.3191556930542,7,,,,,,
0.0009341787478901335,6799,,,,,,,,
,6799,14.25328254699707,7,,,,,,
0.0009326444529691576,6849,,,,,,,,
,6849,12.583351135253906,7,,,,,,
0.0009311101580481817,6899,,,,,,,,
,6899,12.218631744384766,7,,,,,,
0.0009295758631272058,6949,,,,,,,,
,6949,12.204801559448242,7,,,,,,
0.0009280415682062299,6999,,,,,,,,
,6999,13.048389434814453,7,,,,,,
0.0009265072732852539,7049,,,,,,,,
,7049,11.56253433227539,7,,,,,,
0.0009249729783642781,7099,,,,,,,,
,7099,10.453468322753906,7,,,,,,
0.0009234386834433021,7149,,,,,,,,
,7149,10.982439041137695,7,,,,,,
0.0009219043885223263,7199,,,,,,,,
,7199,10.775672912597656,7,,,,,,
0.0009203700936013503,7249,,,,,,,,
,7249,12.000370979309082,7,,,,,,
0.0009188357986803744,7299,,,,,,,,
,7299,11.728626251220703,7,,,,,,
0.0009173015037593985,7349,,,,,,,,
,7349,11.96745777130127,7,,,,,,
0.0009157672088384226,7399,,,,,,,,
,7399,10.620010375976562,7,,,,,,
,7447,,7,41.37372970581055,98.77079772949219,17.837196350097656,,,
0.0009142329139174467,7449,,,,,,,,
,7449,11.470514297485352,8,,,,,,
0.0009126986189964708,7499,,,,,,,,
,7499,10.733765602111816,8,,,,,,
0.0009111643240754949,7549,,,,,,,,
,7549,10.78793716430664,8,,,,,,
0.000909630029154519,7599,,,,,,,,
,7599,10.035909652709961,8,,,,,,
0.000908095734233543,7649,,,,,,,,
,7649,11.391222953796387,8,,,,,,
0.0009065614393125672,7699,,,,,,,,
,7699,10.97851276397705,8,,,,,,
0.0009050271443915912,7749,,,,,,,,
,7749,11.295690536499023,8,,,,,,
0.0009034928494706154,7799,,,,,,,,
,7799,12.254962921142578,8,,,,,,
0.0009019585545496394,7849,,,,,,,,
,7849,10.896096229553223,8,,,,,,
0.0009004242596286635,7899,,,,,,,,
,7899,10.906488418579102,8,,,,,,
0.0008988899647076876,7949,,,,,,,,
,7949,10.186634063720703,8,,,,,,
0.0008973556697867117,7999,,,,,,,,
,7999,10.532964706420898,8,,,,,,
0.0008958213748657358,8049,,,,,,,,
,8049,10.413597106933594,8,,,,,,
0.0008942870799447599,8099,,,,,,,,
,8099,12.02914810180664,8,,,,,,
0.000892752785023784,8149,,,,,,,,
,8149,18.421234130859375,8,,,,,,
0.0008912184901028081,8199,,,,,,,,
,8199,11.06888198852539,8,,,,,,
0.0008896841951818321,8249,,,,,,,,
,8249,10.284692764282227,8,,,,,,
0.0008881499002608563,8299,,,,,,,,
,8299,12.436991691589355,8,,,,,,
0.0008866156053398803,8349,,,,,,,,
,8349,10.652547836303711,8,,,,,,
,8378,,8,42.99868392944336,98.25189971923828,20.25942039489746,,,
0.0008850813104189045,8399,,,,,,,,
,8399,10.593799591064453,9,,,,,,
0.0008835470154979285,8449,,,,,,,,
,8449,10.715195655822754,9,,,,,,
0.0008820127205769527,8499,,,,,,,,
,8499,12.52655029296875,9,,,,,,
0.0008804784256559767,8549,,,,,,,,
,8549,12.159601211547852,9,,,,,,
0.0008789441307350008,8599,,,,,,,,
,8599,10.56808853149414,9,,,,,,
0.0008774098358140249,8649,,,,,,,,
,8649,10.764997482299805,9,,,,,,
0.000875875540893049,8699,,,,,,,,
,8699,11.494359016418457,9,,,,,,
0.0008743412459720731,8749,,,,,,,,
,8749,9.449902534484863,9,,,,,,
0.0008728069510510971,8799,,,,,,,,
,8799,11.178048133850098,9,,,,,,
0.0008712726561301212,8849,,,,,,,,
,8849,10.98453140258789,9,,,,,,
0.0008697383612091454,8899,,,,,,,,
,8899,10.783971786499023,9,,,,,,
0.0008682040662881694,8949,,,,,,,,
,8949,10.450817108154297,9,,,,,,
0.0008666697713671936,8999,,,,,,,,
,8999,10.602100372314453,9,,,,,,
0.0008651354764462176,9049,,,,,,,,
,9049,10.831964492797852,9,,,,,,
0.0008636011815252418,9099,,,,,,,,
,9099,10.09948444366455,9,,,,,,
0.0008620668866042658,9149,,,,,,,,
,9149,10.651711463928223,9,,,,,,
0.0008605325916832898,9199,,,,,,,,
,9199,10.234405517578125,9,,,,,,
0.000858998296762314,9249,,,,,,,,
,9249,11.03392219543457,9,,,,,,
0.0008574640018413381,9299,,,,,,,,
,9299,10.491847038269043,9,,,,,,
,9309,,9,45.73931884765625,97.96342468261719,27.46917724609375,,,
0.0008559297069203622,9349,,,,,,,,
,9349,10.745675086975098,10,,,,,,
0.0008543954119993862,9399,,,,,,,,
,9399,9.806396484375,10,,,,,,
0.0008528611170784103,9449,,,,,,,,
,9449,11.25726318359375,10,,,,,,
0.0008513268221574345,9499,,,,,,,,
,9499,10.345481872558594,10,,,,,,
0.0008497925272364585,9549,,,,,,,,
,9549,9.472951889038086,10,,,,,,
0.0008482582323154826,9599,,,,,,,,
,9599,9.962935447692871,10,,,,,,
0.0008467239373945067,9649,,,,,,,,
,9649,11.169620513916016,10,,,,,,
0.0008451896424735309,9699,,,,,,,,
,9699,10.883454322814941,10,,,,,,
0.0008436553475525549,9749,,,,,,,,
,9749,11.371244430541992,10,,,,,,
0.0008421210526315789,9799,,,,,,,,
,9799,11.51579475402832,10,,,,,,
0.0008405867577106031,9849,,,,,,,,
,9849,9.185332298278809,10,,,,,,
0.0008390524627896271,9899,,,,,,,,
,9899,9.386127471923828,10,,,,,,
0.0008375181678686513,9949,,,,,,,,
,9949,9.957433700561523,10,,,,,,
0.0008359838729476753,9999,,,,,,,,
,9999,9.476547241210938,10,,,,,,
0.0008344495780266994,10049,,,,,,,,
,10049,9.09453296661377,10,,,,,,
0.0008329152831057236,10099,,,,,,,,
,10099,9.473459243774414,10,,,,,,
0.0008313809881847476,10149,,,,,,,,
,10149,10.014686584472656,10,,,,,,
0.0008298466932637717,10199,,,,,,,,
,10199,10.504070281982422,10,,,,,,
,10240,,10,46.99348449707031,98.83541107177734,25.533340454101562,,,
0.0008283123983427958,10249,,,,,,,,
,10249,10.084037780761719,11,,,,,,
0.00082677810342182,10299,,,,,,,,
,10299,10.004878044128418,11,,,,,,
0.000825243808500844,10349,,,,,,,,
,10349,9.976642608642578,11,,,,,,
0.000823709513579868,10399,,,,,,,,
,10399,9.639900207519531,11,,,,,,
0.0008221752186588922,10449,,,,,,,,
,10449,8.928540229797363,11,,,,,,
0.0008206409237379162,10499,,,,,,,,
,10499,9.564170837402344,11,,,,,,
0.0008191066288169404,10549,,,,,,,,
,10549,9.728843688964844,11,,,,,,
0.0008175723338959644,10599,,,,,,,,
,10599,9.571725845336914,11,,,,,,
0.0008160380389749885,10649,,,,,,,,
,10649,9.998355865478516,11,,,,,,
0.0008145037440540126,10699,,,,,,,,
,10699,9.637516021728516,11,,,,,,
0.0008129694491330367,10749,,,,,,,,
,10749,9.823041915893555,11,,,,,,
0.0008114351542120608,10799,,,,,,,,
,10799,9.318296432495117,11,,,,,,
0.0008099008592910849,10849,,,,,,,,
,10849,9.83543586730957,11,,,,,,
0.000808366564370109,10899,,,,,,,,
,10899,9.76253604888916,11,,,,,,
0.0008068322694491331,10949,,,,,,,,
,10949,10.402812004089355,11,,,,,,
0.0008052979745281571,10999,,,,,,,,
,10999,9.394681930541992,11,,,,,,
0.0008037636796071813,11049,,,,,,,,
,11049,9.351373672485352,11,,,,,,
0.0008022293846862053,11099,,,,,,,,
,11099,10.133295059204102,11,,,,,,
0.0008006950897652295,11149,,,,,,,,
,11149,10.564325332641602,11,,,,,,
,11171,,11,32.178504943847656,90.67500305175781,18.00124740600586,,,
0.0007991607948442535,11199,,,,,,,,
,11199,8.492176055908203,12,,,,,,
0.0007976264999232775,11249,,,,,,,,
,11249,9.509506225585938,12,,,,,,
0.0007960922050023017,11299,,,,,,,,
,11299,8.275737762451172,12,,,,,,
0.0007945579100813258,11349,,,,,,,,
,11349,9.811535835266113,12,,,,,,
0.0007930236151603499,11399,,,,,,,,
,11399,9.758365631103516,12,,,,,,
0.000791489320239374,11449,,,,,,,,
,11449,9.909490585327148,12,,,,,,
0.000789955025318398,11499,,,,,,,,
,11499,10.32923698425293,12,,,,,,
0.0007884207303974222,11549,,,,,,,,
,11549,9.619729042053223,12,,,,,,
0.0007868864354764462,11599,,,,,,,,
,11599,9.862960815429688,12,,,,,,
0.0007853521405554704,11649,,,,,,,,
,11649,8.850931167602539,12,,,,,,
0.0007838178456344944,11699,,,,,,,,
,11699,9.898738861083984,12,,,,,,
0.0007822835507135186,11749,,,,,,,,
,11749,9.753040313720703,12,,,,,,
0.0007807492557925426,11799,,,,,,,,
,11799,10.227624893188477,12,,,,,,
0.0007792149608715666,11849,,,,,,,,
,11849,8.590275764465332,12,,,,,,
0.0007776806659505908,11899,,,,,,,,
,11899,9.976799964904785,12,,,,,,
0.0007761463710296149,11949,,,,,,,,
,11949,10.653909683227539,12,,,,,,
0.000774612076108639,11999,,,,,,,,
,11999,8.210174560546875,12,,,,,,
0.000773077781187663,12049,,,,,,,,
,12049,10.112957954406738,12,,,,,,
0.0007715434862666871,12099,,,,,,,,
,12099,7.938648223876953,12,,,,,,
,12102,,12,55.26894760131836,99.1402816772461,26.82545280456543,,,
0.0007700091913457113,12149,,,,,,,,
,12149,7.923393726348877,13,,,,,,
0.0007684748964247353,12199,,,,,,,,
,12199,9.120180130004883,13,,,,,,
0.0007669406015037595,12249,,,,,,,,
,12249,8.317519187927246,13,,,,,,
0.0007654063065827835,12299,,,,,,,,
,12299,8.448822975158691,13,,,,,,
0.0007638720116618077,12349,,,,,,,,
,12349,8.407630920410156,13,,,,,,
0.0007623377167408317,12399,,,,,,,,
,12399,8.988104820251465,13,,,,,,
0.0007608034218198557,12449,,,,,,,,
,12449,9.43026351928711,13,,,,,,
0.0007592691268988799,12499,,,,,,,,
,12499,8.528829574584961,13,,,,,,
0.0007577348319779039,12549,,,,,,,,
,12549,8.199644088745117,13,,,,,,
0.0007562005370569281,12599,,,,,,,,
,12599,7.668949604034424,13,,,,,,
0.0007546662421359521,12649,,,,,,,,
,12649,9.238399505615234,13,,,,,,
0.0007531319472149763,12699,,,,,,,,
,12699,8.683345794677734,13,,,,,,
0.0007515976522940004,12749,,,,,,,,
,12749,8.237569808959961,13,,,,,,
0.0007500633573730244,12799,,,,,,,,
,12799,9.723664283752441,13,,,,,,
0.0007485290624520485,12849,,,,,,,,
,12849,7.865048408508301,13,,,,,,
0.0007469947675310726,12899,,,,,,,,
,12899,8.011394500732422,13,,,,,,
0.0007454604726100967,12949,,,,,,,,
,12949,9.57841968536377,13,,,,,,
0.0007439261776891208,12999,,,,,,,,
,12999,8.871715545654297,13,,,,,,
,13033,,13,57.07686996459961,98.43091583251953,38.515663146972656,,,
0.0007423918827681448,13049,,,,,,,,
,13049,8.496805191040039,14,,,,,,
0.000740857587847169,13099,,,,,,,,
,13099,8.387394905090332,14,,,,,,
0.0007393232929261931,13149,,,,,,,,
,13149,9.509126663208008,14,,,,,,
0.0007377889980052172,13199,,,,,,,,
,13199,8.779869079589844,14,,,,,,
0.0007362547030842412,13249,,,,,,,,
,13249,8.506380081176758,14,,,,,,
0.0007347204081632652,13299,,,,,,,,
,13299,8.038440704345703,14,,,,,,
0.0007331861132422895,13349,,,,,,,,
,13349,7.657440185546875,14,,,,,,
0.0007316518183213135,13399,,,,,,,,
,13399,8.370086669921875,14,,,,,,
0.0007301175234003376,13449,,,,,,,,
,13449,8.322341918945312,14,,,,,,
0.0007285832284793617,13499,,,,,,,,
,13499,7.899380683898926,14,,,,,,
0.0007270489335583858,13549,,,,,,,,
,13549,8.950943946838379,14,,,,,,
0.0007255146386374099,13599,,,,,,,,
,13599,7.519306182861328,14,,,,,,
0.0007239803437164339,13649,,,,,,,,
,13649,9.60078239440918,14,,,,,,
0.0007224460487954581,13699,,,,,,,,
,13699,7.735563278198242,14,,,,,,
0.0007209117538744822,13749,,,,,,,,
,13749,8.297660827636719,14,,,,,,
0.0007193774589535063,13799,,,,,,,,
,13799,8.54034423828125,14,,,,,,
0.0007178431640325303,13849,,,,,,,,
,13849,9.031988143920898,14,,,,,,
0.0007163088691115543,13899,,,,,,,,
,13899,8.382955551147461,14,,,,,,
0.0007147745741905786,13949,,,,,,,,
,13949,8.453413009643555,14,,,,,,
,13964,,14,59.03630065917969,98.73585510253906,34.831138610839844,,,
0.0007132402792696026,13999,,,,,,,,
,13999,8.177079200744629,15,,,,,,
0.0007117059843486267,14049,,,,,,,,
,14049,8.958414077758789,15,,,,,,
0.0007101716894276508,14099,,,,,,,,
,14099,7.681061744689941,15,,,,,,
0.0007086373945066749,14149,,,,,,,,
,14149,8.94766616821289,15,,,,,,
0.000707103099585699,14199,,,,,,,,
,14199,8.519128799438477,15,,,,,,
0.000705568804664723,14249,,,,,,,,
,14249,7.399471759796143,15,,,,,,
0.0007040345097437471,14299,,,,,,,,
,14299,8.127188682556152,15,,,,,,
0.0007025002148227713,14349,,,,,,,,
,14349,8.399041175842285,15,,,,,,
0.0007009659199017954,14399,,,,,,,,
,14399,8.974355697631836,15,,,,,,
0.0006994316249808194,14449,,,,,,,,
,14449,8.27961540222168,15,,,,,,
0.0006978973300598434,14499,,,,,,,,
,14499,7.776328086853027,15,,,,,,
0.0006963630351388676,14549,,,,,,,,
,14549,9.502553939819336,15,,,,,,
0.0006948287402178917,14599,,,,,,,,
,14599,8.751914978027344,15,,,,,,
0.0006932944452969158,14649,,,,,,,,
,14649,7.316816806793213,15,,,,,,
0.0006917601503759399,14699,,,,,,,,
,14699,9.570016860961914,15,,,,,,
0.000690225855454964,14749,,,,,,,,
,14749,7.286741256713867,15,,,,,,
0.0006886915605339881,14799,,,,,,,,
,14799,8.11416244506836,15,,,,,,
0.0006871572656130121,14849,,,,,,,,
,14849,8.03214168548584,15,,,,,,
,14895,,15,61.30133056640625,98.90132141113281,40.58149719238281,,,
0.0006856229706920362,14899,,,,,,,,
,14899,9.143964767456055,16,,,,,,
0.0006840886757710603,14949,,,,,,,,
,14949,8.054683685302734,16,,,,,,
0.0006825543808500845,14999,,,,,,,,
,14999,8.760825157165527,16,,,,,,
0.0006810200859291085,15049,,,,,,,,
,15049,8.783052444458008,16,,,,,,
0.0006794857910081325,15099,,,,,,,,
,15099,7.452532768249512,16,,,,,,
0.0006779514960871567,15149,,,,,,,,
,15149,9.412702560424805,16,,,,,,
0.0006764172011661808,15199,,,,,,,,
,15199,8.35950756072998,16,,,,,,
0.0006748829062452049,15249,,,,,,,,
,15249,8.278314590454102,16,,,,,,
0.000673348611324229,15299,,,,,,,,
,15299,7.042574882507324,16,,,,,,
0.0006718143164032531,15349,,,,,,,,
,15349,7.834665298461914,16,,,,,,
0.0006702800214822772,15399,,,,,,,,
,15399,7.281827926635742,16,,,,,,
0.0006687457265613012,15449,,,,,,,,
,15449,8.483059883117676,16,,,,,,
0.0006672114316403253,15499,,,,,,,,
,15499,8.163789749145508,16,,,,,,
0.0006656771367193494,15549,,,,,,,,
,15549,7.744565963745117,16,,,,,,
0.0006641428417983736,15599,,,,,,,,
,15599,7.228682518005371,16,,,,,,
0.0006626085468773976,15649,,,,,,,,
,15649,8.259195327758789,16,,,,,,
0.0006610742519564216,15699,,,,,,,,
,15699,7.98133659362793,16,,,,,,
0.0006595399570354458,15749,,,,,,,,
,15749,9.463590621948242,16,,,,,,
0.0006580056621144699,15799,,,,,,,,
,15799,7.930124282836914,16,,,,,,
,15826,,16,62.10791778564453,98.59243774414062,42.46147918701172,,,
0.000656471367193494,15849,,,,,,,,
,15849,8.035500526428223,17,,,,,,
0.000654937072272518,15899,,,,,,,,
,15899,8.884602546691895,17,,,,,,
0.0006534027773515422,15949,,,,,,,,
,15949,8.12929916381836,17,,,,,,
0.0006518684824305663,15999,,,,,,,,
,15999,8.253556251525879,17,,,,,,
0.0006503341875095903,16049,,,,,,,,
,16049,9.345617294311523,17,,,,,,
0.0006487998925886144,16099,,,,,,,,
,16099,8.333057403564453,17,,,,,,
0.0006472655976676384,16149,,,,,,,,
,16149,7.222867488861084,17,,,,,,
0.0006457313027466627,16199,,,,,,,,
,16199,7.858482837677002,17,,,,,,
0.0006441970078256867,16249,,,,,,,,
,16249,6.742283344268799,17,,,,,,
0.0006426627129047107,16299,,,,,,,,
,16299,8.980057716369629,17,,,,,,
0.0006411284179837349,16349,,,,,,,,
,16349,8.384154319763184,17,,,,,,
0.000639594123062759,16399,,,,,,,,
,16399,7.765259742736816,17,,,,,,
0.0006380598281417831,16449,,,,,,,,
,16449,6.753429412841797,17,,,,,,
0.0006365255332208071,16499,,,,,,,,
,16499,8.422321319580078,17,,,,,,
0.0006349912382998313,16549,,,,,,,,
,16549,7.730664253234863,17,,,,,,
0.0006334569433788554,16599,,,,,,,,
,16599,8.970321655273438,17,,,,,,
0.0006319226484578794,16649,,,,,,,,
,16649,7.278552055358887,17,,,,,,
0.0006303883535369035,16699,,,,,,,,
,16699,6.528505802154541,17,,,,,,
0.0006288540586159275,16749,,,,,,,,
,16749,7.473969459533691,17,,,,,,
,16757,,17,64.721923828125,98.58595275878906,49.3154296875,,,
0.0006273197636949518,16799,,,,,,,,
,16799,8.015789031982422,18,,,,,,
0.0006257854687739758,16849,,,,,,,,
,16849,7.663182258605957,18,,,,,,
0.0006242511738529999,16899,,,,,,,,
,16899,6.899226188659668,18,,,,,,
0.000622716878932024,16949,,,,,,,,
,16949,7.815126895904541,18,,,,,,
0.000621182584011048,16999,,,,,,,,
,16999,7.210065841674805,18,,,,,,
0.0006196482890900722,17049,,,,,,,,
,17049,6.9438157081604,18,,,,,,
0.0006181139941690962,17099,,,,,,,,
,17099,6.658029079437256,18,,,,,,
0.0006165796992481204,17149,,,,,,,,
,17149,8.777591705322266,18,,,,,,
0.0006150454043271444,17199,,,,,,,,
,17199,8.851310729980469,18,,,,,,
0.0006135111094061685,17249,,,,,,,,
,17249,7.369909763336182,18,,,,,,
0.0006119768144851926,17299,,,,,,,,
,17299,7.88983154296875,18,,,,,,
0.0006104425195642166,17349,,,,,,,,
,17349,7.693403244018555,18,,,,,,
0.0006089082246432409,17399,,,,,,,,
,17399,7.308135032653809,18,,,,,,
0.0006073739297222649,17449,,,,,,,,
,17449,7.343514919281006,18,,,,,,
0.000605839634801289,17499,,,,,,,,
,17499,7.709873199462891,18,,,,,,
0.000604305339880313,17549,,,,,,,,
,17549,7.122048854827881,18,,,,,,
0.0006027710449593371,17599,,,,,,,,
,17599,8.490425109863281,18,,,,,,
0.0006012367500383613,17649,,,,,,,,
,17649,7.348505020141602,18,,,,,,
,17688,,18,64.35784912109375,98.64046478271484,48.283424377441406,,,
0.0005997024551173853,17699,,,,,,,,
,17699,6.902587890625,19,,,,,,
0.0005981681601964094,17749,,,,,,,,
,17749,7.650553226470947,19,,,,,,
0.0005966338652754335,17799,,,,,,,,
,17799,8.154121398925781,19,,,,,,
0.0005950995703544576,17849,,,,,,,,
,17849,7.160799503326416,19,,,,,,
0.0005935652754334817,17899,,,,,,,,
,17899,8.126625061035156,19,,,,,,
0.0005920309805125057,17949,,,,,,,,
,17949,8.379554748535156,19,,,,,,
0.00059049668559153,17999,,,,,,,,
,17999,7.907770156860352,19,,,,,,
0.000588962390670554,18049,,,,,,,,
,18049,6.6577677726745605,19,,,,,,
0.000587428095749578,18099,,,,,,,,
,18099,7.530364990234375,19,,,,,,
0.0005858938008286021,18149,,,,,,,,
,18149,7.531859397888184,19,,,,,,
0.0005843595059076262,18199,,,,,,,,
,18199,6.446321487426758,19,,,,,,
0.0005828252109866504,18249,,,,,,,,
,18249,7.004294395446777,19,,,,,,
0.0005812909160656744,18299,,,,,,,,
,18299,6.340668678283691,19,,,,,,
0.0005797566211446985,18349,,,,,,,,
,18349,7.538244247436523,19,,,,,,
0.0005782223262237226,18399,,,,,,,,
,18399,6.471798896789551,19,,,,,,
0.0005766880313027467,18449,,,,,,,,
,18449,6.974855899810791,19,,,,,,
0.0005751537363817708,18499,,,,,,,,
,18499,7.226302623748779,19,,,,,,
0.0005736194414607948,18549,,,,,,,,
,18549,7.994609355926514,19,,,,,,
0.000572085146539819,18599,,,,,,,,
,18599,6.276309013366699,19,,,,,,
,18619,,19,67.21717071533203,98.9836654663086,43.5067024230957,,,
0.0005705508516188431,18649,,,,,,,,
,18649,6.751924514770508,20,,,,,,
0.0005690165566978672,18699,,,,,,,,
,18699,7.751340866088867,20,,,,,,
0.0005674822617768912,18749,,,,,,,,
,18749,7.683526992797852,20,,,,,,
0.0005659479668559153,18799,,,,,,,,
,18799,8.513429641723633,20,,,,,,
0.0005644136719349394,18849,,,,,,,,
,18849,7.839951992034912,20,,,,,,
0.0005628793770139635,18899,,,,,,,,
,18899,7.25001335144043,20,,,,,,
0.0005613450820929876,18949,,,,,,,,
,18949,7.671905040740967,20,,,,,,
0.0005598107871720117,18999,,,,,,,,
,18999,6.657679557800293,20,,,,,,
0.0005582764922510359,19049,,,,,,,,
,19049,6.746553421020508,20,,,,,,
0.0005567421973300599,19099,,,,,,,,
,19099,7.66583251953125,20,,,,,,
0.0005552079024090839,19149,,,,,,,,
,19149,7.522609233856201,20,,,,,,
0.0005536736074881081,19199,,,,,,,,
,19199,6.845686912536621,20,,,,,,
0.0005521393125671322,19249,,,,,,,,
,19249,6.862757682800293,20,,,,,,
0.0005506050176461563,19299,,,,,,,,
,19299,6.79240608215332,20,,,,,,
0.0005490707227251803,19349,,,,,,,,
,19349,6.282654285430908,20,,,,,,
0.0005475364278042044,19399,,,,,,,,
,19399,7.4354705810546875,20,,,,,,
0.0005460021328832285,19449,,,,,,,,
,19449,7.25307559967041,20,,,,,,
0.0005444678379622526,19499,,,,,,,,
,19499,6.408021450042725,20,,,,,,
0.0005429335430412767,19549,,,,,,,,
,19549,6.751304626464844,20,,,,,,
,19550,,20,70.14566040039062,98.43070983886719,54.61194610595703,,,
0.0005413992481203008,19599,,,,,,,,
,19599,7.305819034576416,21,,,,,,
0.000539864953199325,19649,,,,,,,,
,19649,6.720536708831787,21,,,,,,
0.000538330658278349,19699,,,,,,,,
,19699,6.858614444732666,21,,,,,,
0.000536796363357373,19749,,,,,,,,
,19749,7.167782306671143,21,,,,,,
0.0005352620684363971,19799,,,,,,,,
,19799,7.282273292541504,21,,,,,,
0.0005337277735154213,19849,,,,,,,,
,19849,6.585909843444824,21,,,,,,
0.0005321934785944454,19899,,,,,,,,
,19899,7.589035987854004,21,,,,,,
0.0005306591836734694,19949,,,,,,,,
,19949,6.9896697998046875,21,,,,,,
0.0005291248887524935,19999,,,,,,,,
,19999,6.76084041595459,21,,,,,,
0.0005275905938315176,20049,,,,,,,,
,20049,7.380829334259033,21,,,,,,
0.0005260562989105417,20099,,,,,,,,
,20099,7.73471736907959,21,,,,,,
0.0005245220039895658,20149,,,,,,,,
,20149,6.26811408996582,21,,,,,,
0.0005229877090685898,20199,,,,,,,,
,20199,7.975751876831055,21,,,,,,
0.000521453414147614,20249,,,,,,,,
,20249,6.779396057128906,21,,,,,,
0.0005199191192266381,20299,,,,,,,,
,20299,6.976358413696289,21,,,,,,
0.0005183848243056621,20349,,,,,,,,
,20349,5.954608917236328,21,,,,,,
0.0005168505293846862,20399,,,,,,,,
,20399,7.109427452087402,21,,,,,,
0.0005153162344637103,20449,,,,,,,,
,20449,7.085366249084473,21,,,,,,
,20481,,21,68.88542175292969,98.46986389160156,54.75447463989258,,,
0.0005137819395427345,20499,,,,,,,,
,20499,7.6187896728515625,22,,,,,,
0.0005122476446217585,20549,,,,,,,,
,20549,6.083437919616699,22,,,,,,
0.0005107133497007826,20599,,,,,,,,
,20599,7.260583877563477,22,,,,,,
0.0005091790547798067,20649,,,,,,,,
,20649,6.309667587280273,22,,,,,,
0.0005076447598588307,20699,,,,,,,,
,20699,6.5037946701049805,22,,,,,,
0.0005061104649378549,20749,,,,,,,,
,20749,5.894292831420898,22,,,,,,
0.0005045761700168789,20799,,,,,,,,
,20799,6.454439640045166,22,,,,,,
0.000503041875095903,20849,,,,,,,,
,20849,6.962884426116943,22,,,,,,
0.0005015075801749272,20899,,,,,,,,
,20899,7.419216156005859,22,,,,,,
0.0004999732852539512,20949,,,,,,,,
,20949,6.552553176879883,22,,,,,,
0.0004984389903329754,20999,,,,,,,,
,20999,7.0077409744262695,22,,,,,,
0.0004969046954119994,21049,,,,,,,,
,21049,5.740984916687012,22,,,,,,
0.0004953704004910235,21099,,,,,,,,
,21099,6.928207874298096,22,,,,,,
0.0004938361055700477,21149,,,,,,,,
,21149,6.258396625518799,22,,,,,,
0.0004923018106490717,21199,,,,,,,,
,21199,7.818563461303711,22,,,,,,
0.0004907675157280958,21249,,,,,,,,
,21249,7.121994495391846,22,,,,,,
0.0004892332208071198,21299,,,,,,,,
,21299,7.505159854888916,22,,,,,,
0.00048769892588614396,21349,,,,,,,,
,21349,6.184706687927246,22,,,,,,
0.0004861646309651681,21399,,,,,,,,
,21399,6.712275505065918,22,,,,,,
,21412,,22,71.61674499511719,98.4295425415039,55.54085159301758,,,
0.00048463033604419215,21449,,,,,,,,
,21449,5.285370349884033,23,,,,,,
0.0004830960411232163,21499,,,,,,,,
,21499,7.032355308532715,23,,,,,,
0.00048156174620224033,21549,,,,,,,,
,21549,6.832799911499023,23,,,,,,
0.00048002745128126437,21599,,,,,,,,
,21599,6.442750930786133,23,,,,,,
0.0004784931563602885,21649,,,,,,,,
,21649,7.689578056335449,23,,,,,,
0.00047695886143931266,21699,,,,,,,,
,21699,6.3129963874816895,23,,,,,,
0.0004754245665183367,21749,,,,,,,,
,21749,6.2616376876831055,23,,,,,,
0.00047389027159736074,21799,,,,,,,,
,21799,6.833674907684326,23,,,,,,
0.0004723559766763849,21849,,,,,,,,
,21849,6.433323860168457,23,,,,,,
0.00047082168175540903,21899,,,,,,,,
,21899,5.889346122741699,23,,,,,,
0.00046928738683443307,21949,,,,,,,,
,21949,7.033526420593262,23,,,,,,
0.0004677530919134571,21999,,,,,,,,
,21999,5.276069641113281,23,,,,,,
0.00046621879699248125,22049,,,,,,,,
,22049,6.287821292877197,23,,,,,,
0.0004646845020715053,22099,,,,,,,,
,22099,6.967967987060547,23,,,,,,
0.00046315020715052943,22149,,,,,,,,
,22149,5.892145156860352,23,,,,,,
0.0004616159122295536,22199,,,,,,,,
,22199,6.146580696105957,23,,,,,,
0.0004600816173085776,22249,,,,,,,,
,22249,6.677302837371826,23,,,,,,
0.00045854732238760165,22299,,,,,,,,
,22299,6.865703582763672,23,,,,,,
,22343,,23,73.7083969116211,98.56314086914062,56.85386276245117,,,
0.0004570130274666257,22349,,,,,,,,
,22349,6.074420928955078,24,,,,,,
0.00045547873254564995,22399,,,,,,,,
,22399,6.509302616119385,24,,,,,,
0.000453944437624674,22449,,,,,,,,
,22449,6.703426837921143,24,,,,,,
0.000452410142703698,22499,,,,,,,,
,22499,7.209843635559082,24,,,,,,
0.00045087584778272217,22549,,,,,,,,
,22549,5.522428512573242,24,,,,,,
0.0004493415528617462,22599,,,,,,,,
,22599,6.735072135925293,24,,,,,,
0.00044780725794077035,22649,,,,,,,,
,22649,6.98363733291626,24,,,,,,
0.0004462729630197944,22699,,,,,,,,
,22699,7.173891067504883,24,,,,,,
0.00044473866809881853,22749,,,,,,,,
,22749,8.632009506225586,24,,,,,,
0.00044320437317784257,22799,,,,,,,,
,22799,6.852029323577881,24,,,,,,
0.0004416700782568666,22849,,,,,,,,
,22849,5.836200714111328,24,,,,,,
0.00044013578333589086,22899,,,,,,,,
,22899,6.146368980407715,24,,,,,,
0.0004386014884149149,22949,,,,,,,,
,22949,7.864109039306641,24,,,,,,
0.00043706719349393894,22999,,,,,,,,
,22999,5.738081932067871,24,,,,,,
0.000435532898572963,23049,,,,,,,,
,23049,6.212530136108398,24,,,,,,
0.00043399860365198723,23099,,,,,,,,
,23099,5.986218452453613,24,,,,,,
0.00043246430873101127,23149,,,,,,,,
,23149,6.598221778869629,24,,,,,,
0.0004309300138100353,23199,,,,,,,,
,23199,6.208249092102051,24,,,,,,
0.00042939571888905945,23249,,,,,,,,
,23249,5.777320861816406,24,,,,,,
,23274,,24,75.1012191772461,98.68043518066406,56.41368103027344,,,
0.0004278614239680835,23299,,,,,,,,
,23299,7.389218330383301,25,,,,,,
0.00042632712904710763,23349,,,,,,,,
,23349,6.799455165863037,25,,,,,,
0.0004247928341261318,23399,,,,,,,,
,23399,6.1168951988220215,25,,,,,,
0.0004232585392051558,23449,,,,,,,,
,23449,5.976038932800293,25,,,,,,
0.00042172424428417986,23499,,,,,,,,
,23499,6.764405727386475,25,,,,,,
0.0004201899493632039,23549,,,,,,,,
,23549,8.063727378845215,25,,,,,,
0.00041865565444222815,23599,,,,,,,,
,23599,6.600096225738525,25,,,,,,
0.0004171213595212522,23649,,,,,,,,
,23649,5.7329864501953125,25,,,,,,
0.0004155870646002762,23699,,,,,,,,
,23699,6.327404975891113,25,,,,,,
0.00041405276967930037,23749,,,,,,,,
,23749,6.5448832511901855,25,,,,,,
0.0004125184747583244,23799,,,,,,,,
,23799,7.037822723388672,25,,,,,,
0.00041098417983734855,23849,,,,,,,,
,23849,5.938595294952393,25,,,,,,
0.0004094498849163726,23899,,,,,,,,
,23899,5.370556831359863,25,,,,,,
0.00040791558999539674,23949,,,,,,,,
,23949,5.831149578094482,25,,,,,,
0.0004063812950744208,23999,,,,,,,,
,23999,5.957640171051025,25,,,,,,
0.0004048470001534448,24049,,,,,,,,
,24049,6.1931562423706055,25,,,,,,
0.00040331270523246907,24099,,,,,,,,
,24099,5.749350547790527,25,,,,,,
0.0004017784103114931,24149,,,,,,,,
,24149,5.908848285675049,25,,,,,,
0.00040024411539051714,24199,,,,,,,,
,24199,6.35007381439209,25,,,,,,
,24205,,25,75.93241882324219,98.84869384765625,55.58623504638672,,,
0.0003987098204695412,24249,,,,,,,,
,24249,6.459748268127441,26,,,,,,
0.0003971755255485653,24299,,,,,,,,
,24299,6.102795124053955,26,,,,,,
0.00039564123062758947,24349,,,,,,,,
,24349,5.928576946258545,26,,,,,,
0.0003941069357066135,24399,,,,,,,,
,24399,5.713833808898926,26,,,,,,
0.00039257264078563765,24449,,,,,,,,
,24449,6.198181629180908,26,,,,,,
0.0003910383458646617,24499,,,,,,,,
,24499,5.876369476318359,26,,,,,,
0.00038950405094368573,24549,,,,,,,,
,24549,6.053018569946289,26,,,,,,
0.0003879697560227099,24599,,,,,,,,
,24599,5.887904167175293,26,,,,,,
0.000386435461101734,24649,,,,,,,,
,24649,6.529850006103516,26,,,,,,
0.00038490116618075806,24699,,,,,,,,
,24699,5.989839553833008,26,,,,,,
0.0003833668712597821,24749,,,,,,,,
,24749,6.411362171173096,26,,,,,,
0.00038183257633880624,24799,,,,,,,,
,24799,6.488385200500488,26,,,,,,
0.0003802982814178304,24849,,,,,,,,
,24849,6.708257675170898,26,,,,,,
0.0003787639864968544,24899,,,,,,,,
,24899,5.956178665161133,26,,,,,,
0.00037722969157587846,24949,,,,,,,,
,24949,6.808853626251221,26,,,,,,
0.0003756953966549026,24999,,,,,,,,
,24999,6.634796619415283,26,,,,,,
0.00037416110173392665,25049,,,,,,,,
,25049,6.542672157287598,26,,,,,,
0.0003726268068129508,25099,,,,,,,,
,25099,5.2118353843688965,26,,,,,,
,25136,,26,74.9827880859375,98.72164916992188,58.279823303222656,,,
0.00037109251189197494,25149,,,,,,,,
,25149,5.576995849609375,27,,,,,,
0.000369558216970999,25199,,,,,,,,
,25199,5.770679473876953,27,,,,,,
0.000368023922050023,25249,,,,,,,,
,25249,5.6377058029174805,27,,,,,,
0.00036648962712904705,25299,,,,,,,,
,25299,7.494819641113281,27,,,,,,
0.0003649553322080713,25349,,,,,,,,
,25349,5.529006004333496,27,,,,,,
0.00036342103728709534,25399,,,,,,,,
,25399,6.021756172180176,27,,,,,,
0.0003618867423661194,25449,,,,,,,,
,25449,6.121062755584717,27,,,,,,
0.0003603524474451435,25499,,,,,,,,
,25499,5.219662666320801,27,,,,,,
0.00035881815252416756,25549,,,,,,,,
,25549,6.355800151824951,27,,,,,,
0.0003572838576031917,25599,,,,,,,,
,25599,5.052691459655762,27,,,,,,
0.00035574956268221575,25649,,,,,,,,
,25649,5.723766326904297,27,,,,,,
0.0003542152677612399,25699,,,,,,,,
,25699,5.705717086791992,27,,,,,,
0.00035268097284026393,25749,,,,,,,,
,25749,5.566923141479492,27,,,,,,
0.00035114667791928797,25799,,,,,,,,
,25799,5.977963447570801,27,,,,,,
0.0003496123829983122,25849,,,,,,,,
,25849,7.138975143432617,27,,,,,,
0.00034807808807733626,25899,,,,,,,,
,25899,7.952505111694336,27,,,,,,
0.0003465437931563603,25949,,,,,,,,
,25949,5.47326135635376,27,,,,,,
0.00034500949823538444,25999,,,,,,,,
,25999,6.190762519836426,27,,,,,,
0.0003434752033144085,26049,,,,,,,,
,26049,5.628006935119629,27,,,,,,
,26067,,27,78.18460845947266,98.5720443725586,59.92863082885742,,,
0.00034194090839343263,26099,,,,,,,,
,26099,6.136873245239258,28,,,,,,
0.00034040661347245667,26149,,,,,,,,
,26149,5.830812454223633,28,,,,,,
0.0003388723185514808,26199,,,,,,,,
,26199,5.205881595611572,28,,,,,,
0.00033733802363050485,26249,,,,,,,,
,26249,5.858864784240723,28,,,,,,
0.000335803728709529,26299,,,,,,,,
,26299,5.11211633682251,28,,,,,,
0.00033426943378855314,26349,,,,,,,,
,26349,6.670222282409668,28,,,,,,
0.0003327351388675772,26399,,,,,,,,
,26399,6.792167663574219,28,,,,,,
0.0003312008439466012,26449,,,,,,,,
,26449,6.384082794189453,28,,,,,,
0.00032966654902562525,26499,,,,,,,,
,26499,6.299838066101074,28,,,,,,
0.0003281322541046495,26549,,,,,,,,
,26549,5.896568298339844,28,,,,,,
0.00032659795918367355,26599,,,,,,,,
,26599,5.495530605316162,28,,,,,,
0.0003250636642626976,26649,,,,,,,,
,26649,6.288847923278809,28,,,,,,
0.00032352936934172173,26699,,,,,,,,
,26699,6.904541015625,28,,,,,,
0.00032199507442074577,26749,,,,,,,,
,26749,4.641107559204102,28,,,,,,
0.0003204607794997699,26799,,,,,,,,
,26799,6.09892463684082,28,,,,,,
0.00031892648457879395,26849,,,,,,,,
,26849,6.04868221282959,28,,,,,,
0.0003173921896578181,26899,,,,,,,,
,26899,5.54503059387207,28,,,,,,
0.00031585789473684213,26949,,,,,,,,
,26949,5.763358116149902,28,,,,,,
,26998,,28,78.54137420654297,98.54759979248047,62.738948822021484,,,
0.00031432359981586617,26999,,,,,,,,
,26999,6.233049392700195,29,,,,,,
0.0003127893048948904,27049,,,,,,,,
,27049,6.091462135314941,29,,,,,,
0.00031125500997391446,27099,,,,,,,,
,27099,5.183621406555176,29,,,,,,
0.0003097207150529385,27149,,,,,,,,
,27149,5.462259292602539,29,,,,,,
0.00030818642013196254,27199,,,,,,,,
,27199,5.0542497634887695,29,,,,,,
0.0003066521252109867,27249,,,,,,,,
,27249,5.669226169586182,29,,,,,,
0.00030511783029001083,27299,,,,,,,,
,27299,6.1249589920043945,29,,,,,,
0.00030358353536903487,27349,,,,,,,,
,27349,5.536872863769531,29,,,,,,
0.000302049240448059,27399,,,,,,,,
,27399,6.4502410888671875,29,,,,,,
0.00030051494552708305,27449,,,,,,,,
,27449,5.390851974487305,29,,,,,,
0.0002989806506061071,27499,,,,,,,,
,27499,5.311972141265869,29,,,,,,
0.00029744635568513123,27549,,,,,,,,
,27549,4.8287200927734375,29,,,,,,
0.0002959120607641554,27599,,,,,,,,
,27599,5.7797346115112305,29,,,,,,
0.0002943777658431794,27649,,,,,,,,
,27649,5.242971420288086,29,,,,,,
0.00029284347092220346,27699,,,,,,,,
,27699,6.0733842849731445,29,,,,,,
0.0002913091760012276,27749,,,,,,,,
,27749,7.653885364532471,29,,,,,,
0.00028977488108025175,27799,,,,,,,,
,27799,5.626117706298828,29,,,,,,
0.0002882405861592758,27849,,,,,,,,
,27849,5.087856292724609,29,,,,,,
0.0002867062912382998,27899,,,,,,,,
,27899,5.856838226318359,29,,,,,,
,27929,,29,79.33869934082031,98.7586669921875,61.4556770324707,,,
0.00028517199631732397,27949,,,,,,,,
,27949,5.606964111328125,30,,,,,,
0.000283637701396348,27999,,,,,,,,
,27999,5.09861946105957,30,,,,,,
0.00028210340647537215,28049,,,,,,,,
,28049,5.772408485412598,30,,,,,,
0.0002805691115543963,28099,,,,,,,,
,28099,5.293058395385742,30,,,,,,
0.00027903481663342034,28149,,,,,,,,
,28149,6.619083404541016,30,,,,,,
0.0002775005217124444,28199,,,,,,,,
,28199,5.930232048034668,30,,,,,,
0.0002759662267914684,28249,,,,,,,,
,28249,6.182239532470703,30,,,,,,
0.00027443193187049267,28299,,,,,,,,
,28299,6.049216270446777,30,,,,,,
0.0002728976369495167,28349,,,,,,,,
,28349,5.600569725036621,30,,,,,,
0.00027136334202854074,28399,,,,,,,,
,28399,5.997849464416504,30,,,,,,
0.0002698290471075649,28449,,,,,,,,
,28449,7.487378120422363,30,,,,,,
0.0002682947521865889,28499,,,,,,,,
,28499,6.015587329864502,30,,,,,,
0.00026676045726561307,28549,,,,,,,,
,28549,5.492772102355957,30,,,,,,
0.0002652261623446372,28599,,,,,,,,
,28599,5.0159502029418945,30,,,,,,
0.00026369186742366125,28649,,,,,,,,
,28649,5.744619369506836,30,,,,,,
0.0002621575725026853,28699,,,,,,,,
,28699,5.219167709350586,30,,,,,,
0.00026062327758170933,28749,,,,,,,,
,28749,6.178717613220215,30,,,,,,
0.0002590889826607336,28799,,,,,,,,
,28799,5.779211044311523,30,,,,,,
0.0002575546877397576,28849,,,,,,,,
,28849,5.923139572143555,30,,,,,,
,28860,,30,80.4501953125,98.68709564208984,61.377010345458984,,,
0.00025602039281878166,28899,,,,,,,,
,28899,5.7319746017456055,31,,,,,,
0.0002544860978978058,28949,,,,,,,,
,28949,6.089794158935547,31,,,,,,
0.00025295180297682984,28999,,,,,,,,
,28999,5.278115272521973,31,,,,,,
0.000251417508055854,29049,,,,,,,,
,29049,6.133173942565918,31,,,,,,
0.000249883213134878,29099,,,,,,,,
,29099,5.572541236877441,31,,,,,,
0.00024834891821390217,29149,,,,,,,,
,29149,4.919126987457275,31,,,,,,
0.0002468146232929262,29199,,,,,,,,
,29199,5.384504318237305,31,,,,,,
0.00024528032837195035,29249,,,,,,,,
,29249,5.341434001922607,31,,,,,,
0.0002437460334509745,29299,,,,,,,,
,29299,5.844092845916748,31,,,,,,
0.00024221173852999854,29349,,,,,,,,
,29349,5.3862152099609375,31,,,,,,
0.00024067744360902258,29399,,,,,,,,
,29399,5.74705696105957,31,,,,,,
0.0002391431486880466,29449,,,,,,,,
,29449,6.047527313232422,31,,,,,,
0.00023760885376707087,29499,,,,,,,,
,29499,4.915342330932617,31,,,,,,
0.0002360745588460949,29549,,,,,,,,
,29549,5.855822563171387,31,,,,,,
0.00023454026392511894,29599,,,,,,,,
,29599,4.882704734802246,31,,,,,,
0.0002330059690041431,29649,,,,,,,,
,29649,5.0136003494262695,31,,,,,,
0.00023147167408316713,29699,,,,,,,,
,29699,5.236371994018555,31,,,,,,
0.00022993737916219127,29749,,,,,,,,
,29749,5.796664237976074,31,,,,,,
,29791,,31,79.38351440429688,98.61708068847656,64.79512786865234,,,
0.0002284030842412153,29799,,,,,,,,
,29799,5.35595703125,32,,,,,,
0.00022686878932023946,29849,,,,,,,,
,29849,5.631290912628174,32,,,,,,
0.0002253344943992635,29899,,,,,,,,
,29899,4.592317581176758,32,,,,,,
0.00022380019947828753,29949,,,,,,,,
,29949,5.670904159545898,32,,,,,,
0.00022226590455731179,29999,,,,,,,,
,29999,5.376197814941406,32,,,,,,
0.00022073160963633582,30049,,,,,,,,
,30049,5.452019691467285,32,,,,,,
0.00021919731471535986,30099,,,,,,,,
,30099,5.682394981384277,32,,,,,,
0.0002176630197943839,30149,,,,,,,,
,30149,5.138820648193359,32,,,,,,
0.00021612872487340804,30199,,,,,,,,
,30199,5.131885051727295,32,,,,,,
0.0002145944299524322,30249,,,,,,,,
,30249,4.8765177726745605,32,,,,,,
0.00021306013503145623,30299,,,,,,,,
,30299,5.7414984703063965,32,,,,,,
0.00021152584011048037,30349,,,,,,,,
,30349,5.146803379058838,32,,,,,,
0.0002099915451895044,30399,,,,,,,,
,30399,5.538206100463867,32,,,,,,
0.00020845725026852845,30449,,,,,,,,
,30449,5.20003080368042,32,,,,,,
0.0002069229553475527,30499,,,,,,,,
,30499,5.412736892700195,32,,,,,,
0.00020538866042657674,30549,,,,,,,,
,30549,5.365704536437988,32,,,,,,
0.00020385436550560078,30599,,,,,,,,
,30599,5.413525581359863,32,,,,,,
0.00020232007058462482,30649,,,,,,,,
,30649,5.4861907958984375,32,,,,,,
0.00020078577566364896,30699,,,,,,,,
,30699,5.5250115394592285,32,,,,,,
,30722,,32,81.06880950927734,98.65081787109375,63.462528228759766,,,
0.0001992514807426731,30749,,,,,,,,
,30749,4.474426746368408,33,,,,,,
0.00019771718582169715,30799,,,,,,,,
,30799,5.789714813232422,33,,,,,,
0.0001961828909007213,30849,,,,,,,,
,30849,4.900745391845703,33,,,,,,
0.00019464859597974533,30899,,,,,,,,
,30899,5.407052516937256,33,,,,,,
0.00019311430105876937,30949,,,,,,,,
,30949,5.491680145263672,33,,,,,,
0.0001915800061377935,30999,,,,,,,,
,30999,5.807491302490234,33,,,,,,
0.00019004571121681766,31049,,,,,,,,
,31049,4.919458866119385,33,,,,,,
0.0001885114162958417,31099,,,,,,,,
,31099,5.824007511138916,33,,,,,,
0.00018697712137486573,31149,,,,,,,,
,31149,4.418159008026123,33,,,,,,
0.00018544282645388988,31199,,,,,,,,
,31199,4.820620536804199,33,,,,,,
0.00018390853153291403,31249,,,,,,,,
,31249,4.583398818969727,33,,,,,,
0.00018237423661193806,31299,,,,,,,,
,31299,4.853719234466553,33,,,,,,
0.0001808399416909621,31349,,,,,,,,
,31349,4.915829658508301,33,,,,,,
0.00017930564676998625,31399,,,,,,,,
,31399,5.416627883911133,33,,,,,,
0.00017777135184901028,31449,,,,,,,,
,31449,4.2191290855407715,33,,,,,,
0.00017623705692803443,31499,,,,,,,,
,31499,5.091819763183594,33,,,,,,
0.00017470276200705858,31549,,,,,,,,
,31549,5.672591209411621,33,,,,,,
0.00017316846708608261,31599,,,,,,,,
,31599,5.152071475982666,33,,,,,,
0.00017163417216510665,31649,,,,,,,,
,31649,4.910719871520996,33,,,,,,
,31653,,33,81.88968658447266,98.75092315673828,63.969966888427734,,,
0.0001700998772441307,31699,,,,,,,,
,31699,6.012500762939453,34,,,,,,
0.00016856558232315494,31749,,,,,,,,
,31749,4.235738754272461,34,,,,,,
0.00016703128740217898,31799,,,,,,,,
,31799,4.3011274337768555,34,,,,,,
0.00016549699248120302,31849,,,,,,,,
,31849,5.3537187576293945,34,,,,,,
0.00016396269756022716,31899,,,,,,,,
,31899,4.409153938293457,34,,,,,,
0.0001624284026392512,31949,,,,,,,,
,31949,4.72689151763916,34,,,,,,
0.00016089410771827535,31999,,,,,,,,
,31999,5.508235931396484,34,,,,,,
0.00015935981279729939,32049,,,,,,,,
,32049,5.048333644866943,34,,,,,,
0.00015782551787632353,32099,,,,,,,,
,32099,6.224303245544434,34,,,,,,
0.00015629122295534757,32149,,,,,,,,
,32149,5.671175956726074,34,,,,,,
0.00015475692803437171,32199,,,,,,,,
,32199,4.866581916809082,34,,,,,,
0.00015322263311339586,32249,,,,,,,,
,32249,5.816282272338867,34,,,,,,
0.0001516883381924199,32299,,,,,,,,
,32299,4.685658931732178,34,,,,,,
0.00015015404327144394,32349,,,,,,,,
,32349,4.83811092376709,34,,,,,,
0.00014861974835046797,32399,,,,,,,,
,32399,5.233077049255371,34,,,,,,
0.00014708545342949223,32449,,,,,,,,
,32449,5.12513542175293,34,,,,,,
0.00014555115850851627,32499,,,,,,,,
,32499,4.427882194519043,34,,,,,,
0.0001440168635875403,32549,,,,,,,,
,32549,4.952892780303955,34,,,,,,
,32584,,34,82.60052490234375,98.59566497802734,66.69657897949219,,,
0.00014248256866656445,32599,,,,,,,,
,32599,4.439119815826416,35,,,,,,
0.0001409482737455885,32649,,,,,,,,
,32649,3.7865798473358154,35,,,,,,
0.00013941397882461263,32699,,,,,,,,
,32699,5.616655349731445,35,,,,,,
0.00013787968390363667,32749,,,,,,,,
,32749,4.4622039794921875,35,,,,,,
0.00013634538898266082,32799,,,,,,,,
,32799,4.832695960998535,35,,,,,,
0.00013481109406168485,32849,,,,,,,,
,32849,5.5801262855529785,35,,,,,,
0.0001332767991407089,32899,,,,,,,,
,32899,4.313356399536133,35,,,,,,
0.00013174250421973315,32949,,,,,,,,
,32949,5.732069969177246,35,,,,,,
0.00013020820929875718,32999,,,,,,,,
,32999,4.774552345275879,35,,,,,,
0.00012867391437778122,33049,,,,,,,,
,33049,4.756824493408203,35,,,,,,
0.00012713961945680526,33099,,,,,,,,
,33099,4.174578666687012,35,,,,,,
0.0001256053245358294,33149,,,,,,,,
,33149,4.772041320800781,35,,,,,,
0.00012407102961485355,33199,,,,,,,,
,33199,4.518222808837891,35,,,,,,
0.0001225367346938776,33249,,,,,,,,
,33249,4.696414947509766,35,,,,,,
0.00012100243977290173,33299,,,,,,,,
,33299,5.7240495681762695,35,,,,,,
0.00011946814485192577,33349,,,,,,,,
,33349,5.422630786895752,35,,,,,,
0.00011793384993094981,33399,,,,,,,,
,33399,4.744071960449219,35,,,,,,
0.00011639955500997406,33449,,,,,,,,
,33449,4.468959331512451,35,,,,,,
0.0001148652600889981,33499,,,,,,,,
,33499,5.3012309074401855,35,,,,,,
,33515,,35,84.23990631103516,98.8402099609375,65.01168060302734,,,
0.00011333096516802214,33549,,,,,,,,
,33549,5.24205207824707,36,,,,,,
0.00011179667024704618,33599,,,,,,,,
,33599,4.688065052032471,36,,,,,,
0.00011026237532607032,33649,,,,,,,,
,33649,4.44185733795166,36,,,,,,
0.00010872808040509447,33699,,,,,,,,
,33699,4.717685699462891,36,,,,,,
0.0001071937854841185,33749,,,,,,,,
,33749,4.770107269287109,36,,,,,,
0.00010565949056314265,33799,,,,,,,,
,33799,4.504788875579834,36,,,,,,
0.00010412519564216669,33849,,,,,,,,
,33849,4.792814254760742,36,,,,,,
0.00010259090072119073,33899,,,,,,,,
,33899,4.6434197425842285,36,,,,,,
0.00010105660580021487,33949,,,,,,,,
,33949,5.418145179748535,36,,,,,,
9.952231087923902e-05,33999,,,,,,,,
,33999,4.148678779602051,36,,,,,,
9.798801595826306e-05,34049,,,,,,,,
,34049,4.9831061363220215,36,,,,,,
9.64537210372871e-05,34099,,,,,,,,
,34099,4.651629447937012,36,,,,,,
9.491942611631124e-05,34149,,,,,,,,
,34149,5.048642635345459,36,,,,,,
9.338513119533539e-05,34199,,,,,,,,
,34199,4.70805549621582,36,,,,,,
9.185083627435942e-05,34249,,,,,,,,
,34249,4.434462547302246,36,,,,,,
9.031654135338346e-05,34299,,,,,,,,
,34299,5.301505088806152,36,,,,,,
8.87822464324076e-05,34349,,,,,,,,
,34349,4.654167175292969,36,,,,,,
8.724795151143164e-05,34399,,,,,,,,
,34399,4.089716911315918,36,,,,,,
,34446,,36,84.30815124511719,98.8306655883789,65.50336456298828,,,
8.571365659045579e-05,34449,,,,,,,,
,34449,4.458540439605713,37,,,,,,
8.417936166947994e-05,34499,,,,,,,,
,34499,4.152216911315918,37,,,,,,
8.264506674850397e-05,34549,,,,,,,,
,34549,5.062978744506836,37,,,,,,
8.111077182752801e-05,34599,,,,,,,,
,34599,4.853814125061035,37,,,,,,
7.957647690655205e-05,34649,,,,,,,,
,34649,4.802268028259277,37,,,,,,
7.80421819855763e-05,34699,,,,,,,,
,34699,5.548300266265869,37,,,,,,
7.650788706460034e-05,34749,,,,,,,,
,34749,5.7914628982543945,37,,,,,,
7.497359214362438e-05,34799,,,,,,,,
,34799,4.538637638092041,37,,,,,,
7.343929722264852e-05,34849,,,,,,,,
,34849,4.3704705238342285,37,,,,,,
7.190500230167256e-05,34899,,,,,,,,
,34899,4.864255905151367,37,,,,,,
7.037070738069671e-05,34949,,,,,,,,
,34949,4.305641174316406,37,,,,,,
6.883641245972075e-05,34999,,,,,,,,
,34999,5.84281063079834,37,,,,,,
6.730211753874489e-05,35049,,,,,,,,
,35049,4.601923942565918,37,,,,,,
6.576782261776893e-05,35099,,,,,,,,
,35099,5.416773319244385,37,,,,,,
6.423352769679307e-05,35149,,,,,,,,
,35149,5.167538642883301,37,,,,,,
6.269923277581722e-05,35199,,,,,,,,
,35199,5.514622688293457,37,,,,,,
6.116493785484126e-05,35249,,,,,,,,
,35249,4.429598808288574,37,,,,,,
5.9630642933865296e-05,35299,,,,,,,,
,35299,4.869745254516602,37,,,,,,
5.8096348012889334e-05,35349,,,,,,,,
,35349,5.337040901184082,37,,,,,,
,35377,,37,84.54324340820312,98.79690551757812,66.4359359741211,,,
5.656205309191359e-05,35399,,,,,,,,
,35399,4.0770697593688965,38,,,,,,
5.5027758170937626e-05,35449,,,,,,,,
,35449,4.423866271972656,38,,,,,,
5.349346324996166e-05,35499,,,,,,,,
,35499,3.8628628253936768,38,,,,,,
5.195916832898581e-05,35549,,,,,,,,
,35549,3.9547677040100098,38,,,,,,
5.042487340800985e-05,35599,,,,,,,,
,35599,4.872646331787109,38,,,,,,
4.889057848703399e-05,35649,,,,,,,,
,35649,4.545550346374512,38,,,,,,
4.735628356605814e-05,35699,,,,,,,,
,35699,5.47962760925293,38,,,,,,
4.5821988645082176e-05,35749,,,,,,,,
,35749,5.042078018188477,38,,,,,,
4.4287693724106214e-05,35799,,,,,,,,
,35799,5.234279632568359,38,,,,,,
4.275339880313025e-05,35849,,,,,,,,
,35849,5.134672164916992,38,,,,,,
4.1219103882154506e-05,35899,,,,,,,,
,35899,4.807981491088867,38,,,,,,
3.968480896117854e-05,35949,,,,,,,,
,35949,4.924332141876221,38,,,,,,
3.815051404020258e-05,35999,,,,,,,,
,35999,5.149515628814697,38,,,,,,
3.661621911922673e-05,36049,,,,,,,,
,36049,4.841104507446289,38,,,,,,
3.5081924198250764e-05,36099,,,,,,,,
,36099,4.531089782714844,38,,,,,,
3.354762927727491e-05,36149,,,,,,,,
,36149,4.8450727462768555,38,,,,,,
3.201333435629895e-05,36199,,,,,,,,
,36199,4.761037826538086,38,,,,,,
3.0479039435323094e-05,36249,,,,,,,,
,36249,4.039714336395264,38,,,,,,
2.894474451434713e-05,36299,,,,,,,,
,36299,4.614420413970947,38,,,,,,
,36308,,38,85.38519287109375,98.810302734375,66.05585479736328,,,
2.741044959337117e-05,36349,,,,,,,,
,36349,4.827245235443115,39,,,,,,
2.5876154672395423e-05,36399,,,,,,,,
,36399,4.209428787231445,39,,,,,,
2.434185975141946e-05,36449,,,,,,,,
,36449,5.062348365783691,39,,,,,,
2.2807564830443607e-05,36499,,,,,,,,
,36499,4.079435348510742,39,,,,,,
2.1273269909467644e-05,36549,,,,,,,,
,36549,4.809362411499023,39,,,,,,
1.9738974988491682e-05,36599,,,,,,,,
,36599,4.986612796783447,39,,,,,,
1.8204680067515936e-05,36649,,,,,,,,
,36649,5.108211517333984,39,,,,,,
1.6670385146539974e-05,36699,,,,,,,,
,36699,4.910820007324219,39,,,,,,
1.5136090225564012e-05,36749,,,,,,,,
,36749,4.5763349533081055,39,,,,,,
1.3601795304588049e-05,36799,,,,,,,,
,36799,4.224081993103027,39,,,,,,
1.2067500383612087e-05,36849,,,,,,,,
,36849,5.03653621673584,39,,,,,,
1.0533205462636341e-05,36899,,,,,,,,
,36899,4.505724906921387,39,,,,,,
8.998910541660379e-06,36949,,,,,,,,
,36949,5.540698051452637,39,,,,,,
7.464615620684416e-06,36999,,,,,,,,
,36999,4.64293909072876,39,,,,,,
5.930320699708454e-06,37049,,,,,,,,
,37049,4.763496398925781,39,,,,,,
4.396025778732491e-06,37099,,,,,,,,
,37099,3.6935625076293945,39,,,,,,
2.8617308577567457e-06,37149,,,,,,,,
,37149,4.759513854980469,39,,,,,,
1.3274359367807832e-06,37199,,,,,,,,
,37199,4.681087493896484,39,,,,,,
,37239,,39,85.65303039550781,98.83808898925781,66.58676147460938,,,
,37240,,40,,,,85.74664306640625,98.77831268310547,67.53852844238281
