lr-Adam,step,train_loss,epoch,Class accuracy is: ,No obj accuracy is: ,Obj accuracy is: 
2.0423291792006875e-05,49,,,,,
,49,40.12999725341797,0,,,
3.105930382466696e-05,99,,,,,
,99,33.16298294067383,0,,,
4.169531585732703e-05,149,,,,,
,149,26.381649017333984,0,,,
5.2331327889987105e-05,199,,,,,
,199,21.583641052246094,0,,,
6.296733992264718e-05,249,,,,,
,249,19.885074615478516,0,,,
7.360335195530726e-05,299,,,,,
,299,18.403274536132812,0,,,
8.423936398796733e-05,349,,,,,
,349,16.616641998291016,0,,,
9.487537602062742e-05,399,,,,,
,399,16.989627838134766,0,,,
0.00010551138805328749,449,,,,,
,449,18.505615234375,0,,,
0.00011614740008594758,499,,,,,
,499,15.458959579467773,0,,,
0.00012678341211860765,549,,,,,
,549,15.113941192626953,0,,,
0.00013741942415126774,599,,,,,
,599,14.384695053100586,0,,,
0.00014805543618392778,649,,,,,
,649,12.844039916992188,0,,,
0.00015869144821658787,699,,,,,
,699,16.244266510009766,0,,,
0.00016932746024924796,749,,,,,
,749,12.97424602508545,0,,,
0.00017996347228190805,799,,,,,
,799,14.684070587158203,0,,,
0.00019059948431456811,849,,,,,
,849,14.409337043762207,0,,,
0.00020123549634722818,899,,,,,
,899,13.083297729492188,0,,,
,930,,0,33.79143142700195,97.4339370727539,6.489864349365234
0.00021187150837988827,949,,,,,
,949,12.95920181274414,1,,,
0.00022250752041254833,999,,,,,
,999,14.290952682495117,1,,,
0.00023314353244520842,1049,,,,,
,1049,12.775440216064453,1,,,
0.0002437795444778685,1099,,,,,
,1099,13.106216430664062,1,,,
0.0002544155565105286,1149,,,,,
,1149,13.55198860168457,1,,,
0.0002650515685431887,1199,,,,,
,1199,12.739912033081055,1,,,
0.0002756875805758488,1249,,,,,
,1249,12.319807052612305,1,,,
0.0002863235926085088,1299,,,,,
,1299,13.415996551513672,1,,,
0.0002969596046411689,1349,,,,,
,1349,11.370759963989258,1,,,
0.000307595616673829,1399,,,,,
,1399,11.538188934326172,1,,,
0.0003182316287064891,1449,,,,,
,1449,11.667085647583008,1,,,
0.0003288676407391491,1499,,,,,
,1499,11.634676933288574,1,,,
0.0003395036527718092,1549,,,,,
,1549,11.933784484863281,1,,,
0.0003501396648044693,1599,,,,,
,1599,11.771656036376953,1,,,
0.00036077567683712934,1649,,,,,
,1649,13.148118019104004,1,,,
0.0003714116888697895,1699,,,,,
,1699,11.327981948852539,1,,,
0.0003820477009024495,1749,,,,,
,1749,11.756457328796387,1,,,
0.00039268371293510956,1799,,,,,
,1799,12.895758628845215,1,,,
0.0004033197249677697,1849,,,,,
,1849,11.459040641784668,1,,,
,1861,,1,36.94038772583008,99.22689056396484,10.532313346862793
0.00041395573700042974,1899,,,,,
,1899,12.063699722290039,2,,,
0.0004245917490330899,1949,,,,,
,1949,12.047021865844727,2,,,
0.0004352277610657499,1999,,,,,
,1999,11.708959579467773,2,,,
0.00044586377309841,2049,,,,,
,2049,11.606034278869629,2,,,
0.0004564997851310701,2099,,,,,
,2099,10.480819702148438,2,,,
0.00046713579716373013,2149,,,,,
,2149,11.496435165405273,2,,,
0.0004777718091963902,2199,,,,,
,2199,10.903322219848633,2,,,
0.0004884078212290503,2249,,,,,
,2249,11.589434623718262,2,,,
0.0004990438332617104,2299,,,,,
,2299,10.472505569458008,2,,,
0.0005096798452943705,2349,,,,,
,2349,10.10391616821289,2,,,
0.0005203158573270305,2399,,,,,
,2399,11.459296226501465,2,,,
0.0005309518693596906,2449,,,,,
,2449,12.182806015014648,2,,,
0.0005415878813923508,2499,,,,,
,2499,10.0902099609375,2,,,
0.0005522238934250107,2549,,,,,
,2549,10.638748168945312,2,,,
0.0005628599054576708,2599,,,,,
,2599,10.398876190185547,2,,,
0.0005734959174903309,2649,,,,,
,2649,11.414566040039062,2,,,
0.0005841319295229909,2699,,,,,
,2699,11.35447883605957,2,,,
0.0005947679415556511,2749,,,,,
,2749,10.235791206359863,2,,,
,2792,,2,43.97684097290039,97.92532348632812,26.091217041015625
0.0006054039535883112,2799,,,,,
,2799,10.491898536682129,3,,,
0.0006160399656209712,2849,,,,,
,2849,10.284347534179688,3,,,
0.0006266759776536313,2899,,,,,
,2899,9.792375564575195,3,,,
0.0006373119896862914,2949,,,,,
,2949,10.426950454711914,3,,,
0.0006479480017189516,2999,,,,,
,2999,10.631057739257812,3,,,
0.0006585840137516115,3049,,,,,
,3049,9.715790748596191,3,,,
0.0006692200257842716,3099,,,,,
,3099,10.345662117004395,3,,,
0.0006798560378169317,3149,,,,,
,3149,9.126626968383789,3,,,
0.0006904920498495917,3199,,,,,
,3199,8.656920433044434,3,,,
0.0007011280618822519,3249,,,,,
,3249,10.382767677307129,3,,,
0.000711764073914912,3299,,,,,
,3299,10.005779266357422,3,,,
0.000722400085947572,3349,,,,,
,3349,9.395009994506836,3,,,
0.0007330360979802321,3399,,,,,
,3399,11.231111526489258,3,,,
0.0007436721100128922,3449,,,,,
,3449,9.9061918258667,3,,,
0.0007543081220455522,3499,,,,,
,3499,9.378188133239746,3,,,
0.0007649441340782123,3549,,,,,
,3549,10.356134414672852,3,,,
0.0007755801461108724,3599,,,,,
,3599,10.64624309539795,3,,,
0.0007862161581435324,3649,,,,,
,3649,8.770890235900879,3,,,
0.0007968521701761925,3699,,,,,
,3699,10.825897216796875,3,,,
,3723,,3,45.61426544189453,97.66313934326172,37.67446517944336
0.0008074881822088527,3749,,,,,
,3749,8.502403259277344,4,,,
0.0008181241942415127,3799,,,,,
,3799,9.15102767944336,4,,,
0.0008287602062741728,3849,,,,,
,3849,10.541403770446777,4,,,
0.0008393962183068329,3899,,,,,
,3899,9.882156372070312,4,,,
0.0008500322303394928,3949,,,,,
,3949,9.248048782348633,4,,,
0.000860668242372153,3999,,,,,
,3999,10.478487014770508,4,,,
0.0008713042544048131,4049,,,,,
,4049,8.677709579467773,4,,,
0.0008819402664374731,4099,,,,,
,4099,8.863958358764648,4,,,
0.0008925762784701332,4149,,,,,
,4149,9.636421203613281,4,,,
0.0009032122905027933,4199,,,,,
,4199,10.206334114074707,4,,,
0.0009138483025354535,4249,,,,,
,4249,9.029706001281738,4,,,
0.0009244843145681135,4299,,,,,
,4299,10.097249984741211,4,,,
0.0009351203266007736,4349,,,,,
,4349,9.337478637695312,4,,,
0.0009457563386334336,4399,,,,,
,4399,9.293512344360352,4,,,
0.0009563923506660936,4449,,,,,
,4449,9.093769073486328,4,,,
0.0009670283626987538,4499,,,,,
,4499,9.019710540771484,4,,,
0.000977664374731414,4549,,,,,
,4549,9.144457817077637,4,,,
0.000988300386764074,4599,,,,,
,4599,9.126119613647461,4,,,
0.000998936398796734,4649,,,,,
,4649,8.822464942932129,4,,,
,4654,,4,47.00840377807617,97.3145751953125,46.5135498046875
0.0009987917427497315,4699,,,,,
,4699,8.821573257446289,5,,,
0.0009974492346938775,4749,,,,,
,4749,9.189693450927734,5,,,
0.0009961067266380237,4799,,,,,
,4799,8.929481506347656,5,,,
0.0009947642185821697,4849,,,,,
,4849,9.67114543914795,5,,,
0.0009934217105263157,4899,,,,,
,4899,9.044088363647461,5,,,
0.000992079202470462,4949,,,,,
,4949,9.969600677490234,5,,,
0.000990736694414608,4999,,,,,
,4999,8.678725242614746,5,,,
0.000989394186358754,5049,,,,,
,5049,8.71427059173584,5,,,
0.0009880516783029002,5099,,,,,
,5099,9.466679573059082,5,,,
0.0009867091702470462,5149,,,,,
,5149,9.45140266418457,5,,,
0.0009853666621911924,5199,,,,,
,5199,8.336748123168945,5,,,
0.0009840241541353384,5249,,,,,
,5249,10.340153694152832,5,,,
0.0009826816460794844,5299,,,,,
,5299,8.558439254760742,5,,,
0.0009813391380236306,5349,,,,,
,5349,8.277402877807617,5,,,
0.0009799966299677766,5399,,,,,
,5399,9.028486251831055,5,,,
0.0009786541219119226,5449,,,,,
,5449,7.619933605194092,5,,,
0.0009773116138560689,5499,,,,,
,5499,9.797014236450195,5,,,
0.0009759691058002149,5549,,,,,
,5549,9.116596221923828,5,,,
,5585,,5,52.54667282104492,96.93538665771484,49.8190803527832
0.0009746265977443609,5599,,,,,
,5599,7.869771957397461,6,,,
0.000973284089688507,5649,,,,,
,5649,8.977163314819336,6,,,
0.0009719415816326531,5699,,,,,
,5699,9.899575233459473,6,,,
0.0009705990735767991,5749,,,,,
,5749,7.996480941772461,6,,,
0.0009692565655209452,5799,,,,,
,5799,8.478350639343262,6,,,
0.0009679140574650913,5849,,,,,
,5849,8.842844009399414,6,,,
0.0009665715494092375,5899,,,,,
,5899,9.039066314697266,6,,,
0.0009652290413533835,5949,,,,,
,5949,8.181449890136719,6,,,
0.0009638865332975296,5999,,,,,
,5999,9.273017883300781,6,,,
0.0009625440252416757,6049,,,,,
,6049,7.754012107849121,6,,,
0.0009612015171858217,6099,,,,,
,6099,7.318926811218262,6,,,
0.0009598590091299678,6149,,,,,
,6149,8.535232543945312,6,,,
0.0009585165010741139,6199,,,,,
,6199,7.769542217254639,6,,,
0.0009571739930182599,6249,,,,,
,6249,8.42665958404541,6,,,
0.000955831484962406,6299,,,,,
,6299,8.777066230773926,6,,,
0.0009544889769065522,6349,,,,,
,6349,8.49226188659668,6,,,
0.0009531464688506982,6399,,,,,
,6399,6.907478332519531,6,,,
0.0009518039607948443,6449,,,,,
,6449,8.531919479370117,6,,,
0.0009504614527389904,6499,,,,,
,6499,8.409570693969727,6,,,
,6516,,6,54.568458557128906,96.8541259765625,52.100467681884766
0.0009491189446831364,6549,,,,,
,6549,9.009843826293945,7,,,
0.0009477764366272825,6599,,,,,
,6599,9.401107788085938,7,,,
0.0009464339285714286,6649,,,,,
,6649,8.822187423706055,7,,,
0.0009450914205155746,6699,,,,,
,6699,8.532779693603516,7,,,
0.0009437489124597207,6749,,,,,
,6749,7.733039379119873,7,,,
0.0009424064044038669,6799,,,,,
,6799,9.041794776916504,7,,,
0.000941063896348013,6849,,,,,
,6849,10.49505615234375,7,,,
0.000939721388292159,6899,,,,,
,6899,7.315024375915527,7,,,
0.0009383788802363051,6949,,,,,
,6949,8.057196617126465,7,,,
0.0009370363721804512,6999,,,,,
,6999,7.946725368499756,7,,,
0.0009356938641245972,7049,,,,,
,7049,8.355058670043945,7,,,
0.0009343513560687433,7099,,,,,
,7099,8.584232330322266,7,,,
0.0009330088480128894,7149,,,,,
,7149,8.777994155883789,7,,,
0.0009316663399570354,7199,,,,,
,7199,8.566215515136719,7,,,
0.0009303238319011816,7249,,,,,
,7249,8.802223205566406,7,,,
0.0009289813238453277,7299,,,,,
,7299,7.71555757522583,7,,,
0.0009276388157894737,7349,,,,,
,7349,8.237088203430176,7,,,
0.0009262963077336198,7399,,,,,
,7399,9.019203186035156,7,,,
,7447,,7,46.589656829833984,95.83751678466797,57.75540542602539
0.0009249537996777659,7449,,,,,
,7449,9.021747589111328,8,,,
0.0009236112916219119,7499,,,,,
,7499,8.430381774902344,8,,,
0.000922268783566058,7549,,,,,
,7549,7.913129806518555,8,,,
0.0009209262755102041,7599,,,,,
,7599,7.90512228012085,8,,,
0.0009195837674543501,7649,,,,,
,7649,8.377948760986328,8,,,
0.0009182412593984963,7699,,,,,
,7699,8.087605476379395,8,,,
0.0009168987513426424,7749,,,,,
,7749,7.900360107421875,8,,,
0.0009155562432867884,7799,,,,,
,7799,7.811032772064209,8,,,
0.0009142137352309345,7849,,,,,
,7849,7.54563570022583,8,,,
0.0009128712271750806,7899,,,,,
,7899,8.545239448547363,8,,,
0.0009115287191192266,7949,,,,,
,7949,6.884960174560547,8,,,
0.0009101862110633727,7999,,,,,
,7999,8.95443344116211,8,,,
0.0009088437030075188,8049,,,,,
,8049,7.760285377502441,8,,,
0.0009075011949516648,8099,,,,,
,8099,6.922281265258789,8,,,
0.000906158686895811,8149,,,,,
,8149,7.544790267944336,8,,,
0.0009048161788399571,8199,,,,,
,8199,7.580163955688477,8,,,
0.0009034736707841031,8249,,,,,
,8249,9.289432525634766,8,,,
0.0009021311627282492,8299,,,,,
,8299,8.246328353881836,8,,,
0.0009007886546723953,8349,,,,,
,8349,8.327264785766602,8,,,
,8378,,8,59.897071838378906,97.34613800048828,57.824951171875
0.0008994461466165413,8399,,,,,
,8399,7.644941329956055,9,,,
0.0008981036385606874,8449,,,,,
,8449,7.021647930145264,9,,,
0.0008967611305048335,8499,,,,,
,8499,7.6321210861206055,9,,,
0.0008954186224489796,8549,,,,,
,8549,7.014108657836914,9,,,
0.0008940761143931257,8599,,,,,
,8599,7.144123077392578,9,,,
0.0008927336063372718,8649,,,,,
,8649,7.6726155281066895,9,,,
0.0008913910982814179,8699,,,,,
,8699,7.4952802658081055,9,,,
0.0008900485902255639,8749,,,,,
,8749,8.143783569335938,9,,,
0.00088870608216971,8799,,,,,
,8799,7.572297096252441,9,,,
0.0008873635741138561,8849,,,,,
,8849,7.615880966186523,9,,,
0.0008860210660580021,8899,,,,,
,8899,11.894185066223145,9,,,
0.0008846785580021482,8949,,,,,
,8949,6.998632431030273,9,,,
0.0008833360499462944,8999,,,,,
,8999,7.229276657104492,9,,,
0.0008819935418904405,9049,,,,,
,9049,8.637205123901367,9,,,
0.0008806510338345865,9099,,,,,
,9099,7.134896278381348,9,,,
0.0008793085257787326,9149,,,,,
,9149,8.070704460144043,9,,,
0.0008779660177228787,9199,,,,,
,9199,8.441971778869629,9,,,
0.0008766235096670247,9249,,,,,
,9249,7.794178485870361,9,,,
0.0008752810016111708,9299,,,,,
,9299,8.099849700927734,9,,,
,9309,,9,61.38050079345703,98.2737808227539,51.2415771484375
0.0008739384935553169,9349,,,,,
,9349,7.967777252197266,10,,,
0.000872595985499463,9399,,,,,
,9399,7.285355567932129,10,,,
0.0008712534774436091,9449,,,,,
,9449,7.572513580322266,10,,,
0.0008699109693877552,9499,,,,,
,9499,6.641468048095703,10,,,
0.0008685684613319012,9549,,,,,
,9549,7.714705944061279,10,,,
0.0008672259532760473,9599,,,,,
,9599,7.000277996063232,10,,,
0.0008658834452201934,9649,,,,,
,9649,7.357461452484131,10,,,
0.0008645409371643394,9699,,,,,
,9699,7.595887660980225,10,,,
0.0008631984291084855,9749,,,,,
,9749,8.009737968444824,10,,,
0.0008618559210526316,9799,,,,,
,9799,7.589472770690918,10,,,
0.0008605134129967777,9849,,,,,
,9849,7.0966010093688965,10,,,
0.0008591709049409238,9899,,,,,
,9899,7.689793109893799,10,,,
0.0008578283968850699,9949,,,,,
,9949,7.729051113128662,10,,,
0.0008564858888292159,9999,,,,,
,9999,7.940011978149414,10,,,
0.000855143380773362,10049,,,,,
,10049,7.179348468780518,10,,,
0.0008538008727175081,10099,,,,,
,10099,8.103538513183594,10,,,
0.0008524583646616541,10149,,,,,
,10149,7.342693328857422,10,,,
0.0008511158566058002,10199,,,,,
,10199,7.561750411987305,10,,,
,10240,,10,62.065757751464844,97.00664520263672,60.49717712402344
0.0008497733485499463,10249,,,,,
,10249,7.552881240844727,11,,,
0.0008484308404940924,10299,,,,,
,10299,7.228653907775879,11,,,
0.0008470883324382385,10349,,,,,
,10349,7.428171634674072,11,,,
0.0008457458243823846,10399,,,,,
,10399,7.131004333496094,11,,,
0.0008444033163265306,10449,,,,,
,10449,7.518209934234619,11,,,
0.0008430608082706767,10499,,,,,
,10499,8.489315032958984,11,,,
0.0008417183002148228,10549,,,,,
,10549,6.8656110763549805,11,,,
0.0008403757921589688,10599,,,,,
,10599,6.297449588775635,11,,,
0.0008390332841031149,10649,,,,,
,10649,7.847299098968506,11,,,
0.000837690776047261,10699,,,,,
,10699,7.074473857879639,11,,,
0.0008363482679914071,10749,,,,,
,10749,7.45332670211792,11,,,
0.0008350057599355532,10799,,,,,
,10799,6.111701011657715,11,,,
0.0008336632518796993,10849,,,,,
,10849,6.884560585021973,11,,,
0.0008323207438238453,10899,,,,,
,10899,5.902564525604248,11,,,
0.0008309782357679914,10949,,,,,
,10949,7.590058326721191,11,,,
0.0008296357277121375,10999,,,,,
,10999,6.9405622482299805,11,,,
0.0008282932196562836,11049,,,,,
,11049,6.978569030761719,11,,,
0.0008269507116004296,11099,,,,,
,11099,6.852248668670654,11,,,
0.0008256082035445758,11149,,,,,
,11149,7.080296039581299,11,,,
,11171,,11,61.69795608520508,97.55282592773438,60.49460983276367
0.0008242656954887218,11199,,,,,
,11199,7.517522811889648,12,,,
0.000822923187432868,11249,,,,,
,11249,6.558685302734375,12,,,
0.000821580679377014,11299,,,,,
,11299,6.8724446296691895,12,,,
0.0008202381713211601,11349,,,,,
,11349,7.016353607177734,12,,,
0.0008188956632653061,11399,,,,,
,11399,7.357378005981445,12,,,
0.0008175531552094522,11449,,,,,
,11449,7.116640090942383,12,,,
0.0008162106471535983,11499,,,,,
,11499,7.120518684387207,12,,,
0.0008148681390977444,11549,,,,,
,11549,6.991884231567383,12,,,
0.0008135256310418905,11599,,,,,
,11599,6.238186359405518,12,,,
0.0008121831229860366,11649,,,,,
,11649,6.755072116851807,12,,,
0.0008108406149301827,11699,,,,,
,11699,6.577369213104248,12,,,
0.0008094981068743287,11749,,,,,
,11749,6.0950446128845215,12,,,
0.0008081555988184748,11799,,,,,
,11799,7.664809226989746,12,,,
0.0008068130907626209,11849,,,,,
,11849,7.195017337799072,12,,,
0.0008054705827067669,11899,,,,,
,11899,6.992063522338867,12,,,
0.000804128074650913,11949,,,,,
,11949,6.828298568725586,12,,,
0.0008027855665950592,11999,,,,,
,11999,8.307369232177734,12,,,
0.0008014430585392052,12049,,,,,
,12049,7.101604461669922,12,,,
0.0008001005504833513,12099,,,,,
,12099,6.644272327423096,12,,,
,12102,,12,64.24853515625,97.66055297851562,61.0161247253418
0.0007987580424274974,12149,,,,,
,12149,6.53573751449585,13,,,
0.0007974155343716434,12199,,,,,
,12199,6.913662910461426,13,,,
0.0007960730263157895,12249,,,,,
,12249,7.62765645980835,13,,,
0.0007947305182599356,12299,,,,,
,12299,6.198366641998291,13,,,
0.0007933880102040816,12349,,,,,
,12349,6.501241683959961,13,,,
0.0007920455021482277,12399,,,,,
,12399,6.832475185394287,13,,,
0.0007907029940923739,12449,,,,,
,12449,8.965760231018066,13,,,
0.0007893604860365199,12499,,,,,
,12499,7.392935752868652,13,,,
0.000788017977980666,12549,,,,,
,12549,7.039237022399902,13,,,
0.0007866754699248121,12599,,,,,
,12599,6.335332870483398,13,,,
0.0007853329618689581,12649,,,,,
,12649,6.413260459899902,13,,,
0.0007839904538131042,12699,,,,,
,12699,6.348082065582275,13,,,
0.0007826479457572503,12749,,,,,
,12749,8.12692928314209,13,,,
0.0007813054377013963,12799,,,,,
,12799,6.100895881652832,13,,,
0.0007799629296455424,12849,,,,,
,12849,6.809713363647461,13,,,
0.0007786204215896886,12899,,,,,
,12899,7.694903373718262,13,,,
0.0007772779135338346,12949,,,,,
,12949,6.83594274520874,13,,,
0.0007759354054779807,12999,,,,,
,12999,7.131138801574707,13,,,
,13033,,13,67.59452056884766,97.12590026855469,67.06369018554688
0.0007745928974221268,13049,,,,,
,13049,5.73812198638916,14,,,
0.0007732503893662728,13099,,,,,
,13099,6.3790507316589355,14,,,
0.0007719078813104189,13149,,,,,
,13149,5.755598545074463,14,,,
0.000770565373254565,13199,,,,,
,13199,6.110319137573242,14,,,
0.000769222865198711,13249,,,,,
,13249,6.496679782867432,14,,,
0.0007678803571428571,13299,,,,,
,13299,7.712159156799316,14,,,
0.0007665378490870033,13349,,,,,
,13349,7.515091419219971,14,,,
0.0007651953410311494,13399,,,,,
,13399,7.074975967407227,14,,,
0.0007638528329752954,13449,,,,,
,13449,6.3321638107299805,14,,,
0.0007625103249194415,13499,,,,,
,13499,6.791530132293701,14,,,
0.0007611678168635875,13549,,,,,
,13549,6.289565086364746,14,,,
0.0007598253088077337,13599,,,,,
,13599,6.805655479431152,14,,,
0.0007584828007518797,13649,,,,,
,13649,6.251454830169678,14,,,
0.0007571402926960258,13699,,,,,
,13699,7.363064289093018,14,,,
0.000755797784640172,13749,,,,,
,13749,6.101963996887207,14,,,
0.000754455276584318,13799,,,,,
,13799,6.481738090515137,14,,,
0.0007531127685284641,13849,,,,,
,13849,6.397799491882324,14,,,
0.0007517702604726102,13899,,,,,
,13899,7.229602813720703,14,,,
0.0007504277524167562,13949,,,,,
,13949,6.601777076721191,14,,,
,13964,,14,69.29036712646484,97.95993041992188,62.23578643798828
0.0007490852443609023,13999,,,,,
,13999,5.924975872039795,15,,,
0.0007477427363050484,14049,,,,,
,14049,6.179656982421875,15,,,
0.0007464002282491944,14099,,,,,
,14099,7.090811729431152,15,,,
0.0007450577201933404,14149,,,,,
,14149,7.285001754760742,15,,,
0.0007437152121374867,14199,,,,,
,14199,6.433133125305176,15,,,
0.0007423727040816327,14249,,,,,
,14249,6.547858238220215,15,,,
0.0007410301960257787,14299,,,,,
,14299,5.628449440002441,15,,,
0.0007396876879699249,14349,,,,,
,14349,6.396912097930908,15,,,
0.0007383451799140709,14399,,,,,
,14399,6.105283737182617,15,,,
0.000737002671858217,14449,,,,,
,14449,5.579193592071533,15,,,
0.0007356601638023631,14499,,,,,
,14499,6.850079536437988,15,,,
0.0007343176557465091,14549,,,,,
,14549,7.045691967010498,15,,,
0.0007329751476906552,14599,,,,,
,14599,6.1490888595581055,15,,,
0.0007316326396348014,14649,,,,,
,14649,6.913424015045166,15,,,
0.0007302901315789474,14699,,,,,
,14699,6.240118026733398,15,,,
0.0007289476235230935,14749,,,,,
,14749,6.0535502433776855,15,,,
0.0007276051154672396,14799,,,,,
,14799,6.408459186553955,15,,,
0.0007262626074113856,14849,,,,,
,14849,5.6983642578125,15,,,
,14895,,15,72.14556121826172,97.21731567382812,67.74388885498047
0.0007249200993555318,14899,,,,,
,14899,5.854840278625488,16,,,
0.0007235775912996778,14949,,,,,
,14949,6.849695205688477,16,,,
0.0007222350832438238,14999,,,,,
,14999,6.142865180969238,16,,,
0.00072089257518797,15049,,,,,
,15049,6.171533584594727,16,,,
0.0007195500671321161,15099,,,,,
,15099,6.848278045654297,16,,,
0.0007182075590762621,15149,,,,,
,15149,6.211700439453125,16,,,
0.0007168650510204082,15199,,,,,
,15199,5.882819175720215,16,,,
0.0007155225429645543,15249,,,,,
,15249,5.875192642211914,16,,,
0.0007141800349087003,15299,,,,,
,15299,6.081601142883301,16,,,
0.0007128375268528464,15349,,,,,
,15349,7.1728692054748535,16,,,
0.0007114950187969925,15399,,,,,
,15399,5.440766334533691,16,,,
0.0007101525107411385,15449,,,,,
,15449,5.994014263153076,16,,,
0.0007088100026852848,15499,,,,,
,15499,6.514951229095459,16,,,
0.0007074674946294308,15549,,,,,
,15549,7.147007942199707,16,,,
0.0007061249865735768,15599,,,,,
,15599,6.048322677612305,16,,,
0.000704782478517723,15649,,,,,
,15649,7.157279014587402,16,,,
0.000703439970461869,15699,,,,,
,15699,7.899324417114258,16,,,
0.000702097462406015,15749,,,,,
,15749,5.908269882202148,16,,,
0.0007007549543501611,15799,,,,,
,15799,5.935619831085205,16,,,
,15826,,16,69.54273223876953,97.00062561035156,70.79157257080078
0.0006994124462943072,15849,,,,,
,15849,5.710108757019043,17,,,
0.0006980699382384533,15899,,,,,
,15899,6.2145562171936035,17,,,
0.0006967274301825994,15949,,,,,
,15949,5.478996276855469,17,,,
0.0006953849221267455,15999,,,,,
,15999,5.9211530685424805,17,,,
0.0006940424140708915,16049,,,,,
,16049,6.555365085601807,17,,,
0.0006926999060150377,16099,,,,,
,16099,5.374444961547852,17,,,
0.0006913573979591837,16149,,,,,
,16149,7.253190994262695,17,,,
0.0006900148899033297,16199,,,,,
,16199,5.996512413024902,17,,,
0.0006886723818474759,16249,,,,,
,16249,5.500021934509277,17,,,
0.0006873298737916219,16299,,,,,
,16299,5.831435680389404,17,,,
0.0006859873657357679,16349,,,,,
,16349,5.819666862487793,17,,,
0.0006846448576799142,16399,,,,,
,16399,7.1219940185546875,17,,,
0.0006833023496240602,16449,,,,,
,16449,5.728248119354248,17,,,
0.0006819598415682063,16499,,,,,
,16499,5.620682716369629,17,,,
0.0006806173335123524,16549,,,,,
,16549,6.291835308074951,17,,,
0.0006792748254564984,16599,,,,,
,16599,6.252392292022705,17,,,
0.0006779323174006445,16649,,,,,
,16649,6.517352104187012,17,,,
0.0006765898093447906,16699,,,,,
,16699,5.708878517150879,17,,,
0.0006752473012889366,16749,,,,,
,16749,5.654963493347168,17,,,
,16757,,17,72.094970703125,97.15824127197266,70.08057403564453
0.0006739047932330828,16799,,,,,
,16799,6.581079483032227,18,,,
0.0006725622851772289,16849,,,,,
,16849,6.089601516723633,18,,,
0.0006712197771213749,16899,,,,,
,16899,6.217779159545898,18,,,
0.0006698772690655209,16949,,,,,
,16949,4.996440887451172,18,,,
0.0006685347610096671,16999,,,,,
,16999,5.996799945831299,18,,,
0.0006671922529538131,17049,,,,,
,17049,6.583611488342285,18,,,
0.0006658497448979592,17099,,,,,
,17099,6.089105129241943,18,,,
0.0006645072368421053,17149,,,,,
,17149,5.5324225425720215,18,,,
0.0006631647287862513,17199,,,,,
,17199,6.072417259216309,18,,,
0.0006618222207303975,17249,,,,,
,17249,6.339081764221191,18,,,
0.0006604797126745436,17299,,,,,
,17299,5.265581130981445,18,,,
0.0006591372046186896,17349,,,,,
,17349,6.413952350616455,18,,,
0.0006577946965628357,17399,,,,,
,17399,6.569859027862549,18,,,
0.0006564521885069818,17449,,,,,
,17449,6.165114402770996,18,,,
0.0006551096804511278,17499,,,,,
,17499,6.482430458068848,18,,,
0.000653767172395274,17549,,,,,
,17549,5.840544700622559,18,,,
0.00065242466433942,17599,,,,,
,17599,5.3749589920043945,18,,,
0.000651082156283566,17649,,,,,
,17649,5.008299827575684,18,,,
,17688,,18,72.27738952636719,97.12419891357422,71.7815170288086
0.0006497396482277122,17699,,,,,
,17699,5.098291397094727,19,,,
0.0006483971401718583,17749,,,,,
,17749,6.073575496673584,19,,,
0.0006470546321160043,17799,,,,,
,17799,5.1982855796813965,19,,,
0.0006457121240601504,17849,,,,,
,17849,6.303502082824707,19,,,
0.0006443696160042965,17899,,,,,
,17899,6.7591047286987305,19,,,
0.0006430271079484425,17949,,,,,
,17949,5.3607096672058105,19,,,
0.0006416845998925886,17999,,,,,
,17999,5.677550315856934,19,,,
0.0006403420918367347,18049,,,,,
,18049,6.565281391143799,19,,,
0.0006389995837808807,18099,,,,,
,18099,5.789816856384277,19,,,
0.000637657075725027,18149,,,,,
,18149,7.013874053955078,19,,,
0.000636314567669173,18199,,,,,
,18199,5.706577301025391,19,,,
0.000634972059613319,18249,,,,,
,18249,6.013585567474365,19,,,
0.0006336295515574652,18299,,,,,
,18299,5.80933952331543,19,,,
0.0006322870435016112,18349,,,,,
,18349,5.0019145011901855,19,,,
0.0006309445354457572,18399,,,,,
,18399,5.738443374633789,19,,,
0.0006296020273899034,18449,,,,,
,18449,5.232375144958496,19,,,
0.0006282595193340494,18499,,,,,
,18499,6.351650714874268,19,,,
0.0006269170112781956,18549,,,,,
,18549,5.884942054748535,19,,,
0.0006255745032223416,18599,,,,,
,18599,6.148543357849121,19,,,
,18619,,19,74.5335464477539,97.73140716552734,69.58828735351562
0.0006242319951664877,18649,,,,,
,18649,6.583794593811035,20,,,
0.0006228894871106338,18699,,,,,
,18699,5.212896347045898,20,,,
0.0006215469790547799,18749,,,,,
,18749,6.434255123138428,20,,,
0.0006202044709989259,18799,,,,,
,18799,5.036757469177246,20,,,
0.0006188619629430719,18849,,,,,
,18849,5.549553871154785,20,,,
0.0006175194548872181,18899,,,,,
,18899,6.521559715270996,20,,,
0.0006161769468313641,18949,,,,,
,18949,5.899280548095703,20,,,
0.0006148344387755101,18999,,,,,
,18999,5.980466365814209,20,,,
0.0006134919307196564,19049,,,,,
,19049,5.865468978881836,20,,,
0.0006121494226638024,19099,,,,,
,19099,5.210148811340332,20,,,
0.0006108069146079485,19149,,,,,
,19149,5.686838150024414,20,,,
0.0006094644065520946,19199,,,,,
,19199,6.209479331970215,20,,,
0.0006081218984962406,19249,,,,,
,19249,4.665369033813477,20,,,
0.0006067793904403867,19299,,,,,
,19299,5.37031888961792,20,,,
0.0006054368823845328,19349,,,,,
,19349,5.908829689025879,20,,,
0.0006040943743286788,19399,,,,,
,19399,4.706707000732422,20,,,
0.000602751866272825,19449,,,,,
,19449,5.268163204193115,20,,,
0.0006014093582169711,19499,,,,,
,19499,4.993373394012451,20,,,
0.0006000668501611171,19549,,,,,
,19549,4.973667144775391,20,,,
,19550,,20,75.17913818359375,97.38934326171875,71.63729095458984
0.0005987243421052631,19599,,,,,
,19599,5.653980255126953,21,,,
0.0005973818340494093,19649,,,,,
,19649,4.975431442260742,21,,,
0.0005960393259935553,19699,,,,,
,19699,4.909756660461426,21,,,
0.0005946968179377014,19749,,,,,
,19749,4.847740650177002,21,,,
0.0005933543098818475,19799,,,,,
,19799,6.829973220825195,21,,,
0.0005920118018259935,19849,,,,,
,19849,5.495363235473633,21,,,
0.0005906692937701397,19899,,,,,
,19899,5.141100883483887,21,,,
0.0005893267857142858,19949,,,,,
,19949,4.704860687255859,21,,,
0.0005879842776584318,19999,,,,,
,19999,5.311923980712891,21,,,
0.0005866417696025779,20049,,,,,
,20049,5.1894211769104,21,,,
0.000585299261546724,20099,,,,,
,20099,5.714731216430664,21,,,
0.00058395675349087,20149,,,,,
,20149,5.203403949737549,21,,,
0.0005826142454350162,20199,,,,,
,20199,5.384660720825195,21,,,
0.0005812717373791622,20249,,,,,
,20249,5.360149383544922,21,,,
0.0005799292293233083,20299,,,,,
,20299,5.133836269378662,21,,,
0.0005785867212674545,20349,,,,,
,20349,5.022122383117676,21,,,
0.0005772442132116005,20399,,,,,
,20399,5.219396591186523,21,,,
0.0005759017051557465,20449,,,,,
,20449,5.281972885131836,21,,,
,20481,,21,76.4220199584961,97.5037612915039,70.5494613647461
0.0005745591970998926,20499,,,,,
,20499,5.26801061630249,22,,,
0.0005732166890440387,20549,,,,,
,20549,4.8769917488098145,22,,,
0.0005718741809881848,20599,,,,,
,20599,6.108090877532959,22,,,
0.0005705316729323308,20649,,,,,
,20649,6.098954677581787,22,,,
0.000569189164876477,20699,,,,,
,20699,5.375723838806152,22,,,
0.000567846656820623,20749,,,,,
,20749,5.46914005279541,22,,,
0.0005665041487647692,20799,,,,,
,20799,5.038671016693115,22,,,
0.0005651616407089152,20849,,,,,
,20849,4.748338222503662,22,,,
0.0005638191326530612,20899,,,,,
,20899,5.376832008361816,22,,,
0.0005624766245972074,20949,,,,,
,20949,5.400811195373535,22,,,
0.0005611341165413534,20999,,,,,
,20999,6.0001220703125,22,,,
0.0005597916084854994,21049,,,,,
,21049,4.880199909210205,22,,,
0.0005584491004296456,21099,,,,,
,21099,5.343957901000977,22,,,
0.0005571065923737916,21149,,,,,
,21149,5.1853156089782715,22,,,
0.0005557640843179378,21199,,,,,
,21199,6.568975448608398,22,,,
0.0005544215762620838,21249,,,,,
,21249,6.363321781158447,22,,,
0.0005530790682062299,21299,,,,,
,21299,6.035905838012695,22,,,
0.000551736560150376,21349,,,,,
,21349,4.613602161407471,22,,,
0.0005503940520945221,21399,,,,,
,21399,5.481679916381836,22,,,
,21412,,22,75.19807434082031,97.18397521972656,73.36568450927734
0.0005490515440386681,21449,,,,,
,21449,6.5230536460876465,23,,,
0.0005477090359828141,21499,,,,,
,21499,5.154363632202148,23,,,
0.0005463665279269603,21549,,,,,
,21549,4.299448490142822,23,,,
0.0005450240198711064,21599,,,,,
,21599,5.365368843078613,23,,,
0.0005436815118152524,21649,,,,,
,21649,4.90888786315918,23,,,
0.0005423390037593986,21699,,,,,
,21699,4.673852920532227,23,,,
0.0005409964957035446,21749,,,,,
,21749,5.538815975189209,23,,,
0.0005396539876476907,21799,,,,,
,21799,5.580331802368164,23,,,
0.0005383114795918368,21849,,,,,
,21849,5.537731170654297,23,,,
0.0005369689715359828,21899,,,,,
,21899,5.180727481842041,23,,,
0.0005356264634801289,21949,,,,,
,21949,5.902359485626221,23,,,
0.000534283955424275,21999,,,,,
,21999,5.003045082092285,23,,,
0.0005329414473684211,22049,,,,,
,22049,5.783387660980225,23,,,
0.0005315989393125672,22099,,,,,
,22099,5.953303813934326,23,,,
0.0005302564312567133,22149,,,,,
,22149,4.983572959899902,23,,,
0.0005289139232008593,22199,,,,,
,22199,5.70300817489624,23,,,
0.0005275714151450055,22249,,,,,
,22249,4.152956008911133,23,,,
0.0005262289070891515,22299,,,,,
,22299,5.727439880371094,23,,,
,22343,,23,78.25422668457031,97.71107482910156,72.0638427734375
0.0005248863990332975,22349,,,,,
,22349,4.840964317321777,24,,,
0.0005235438909774436,22399,,,,,
,22399,4.939897537231445,24,,,
0.0005222013829215898,22449,,,,,
,22449,4.883513450622559,24,,,
0.0005208588748657358,22499,,,,,
,22499,5.079623699188232,24,,,
0.0005195163668098819,22549,,,,,
,22549,6.018667697906494,24,,,
0.000518173858754028,22599,,,,,
,22599,5.338728904724121,24,,,
0.000516831350698174,22649,,,,,
,22649,4.84218692779541,24,,,
0.0005154888426423201,22699,,,,,
,22699,5.439213275909424,24,,,
0.0005141463345864662,22749,,,,,
,22749,6.135398864746094,24,,,
0.0005128038265306122,22799,,,,,
,22799,5.536155700683594,24,,,
0.0005114613184747583,22849,,,,,
,22849,5.009294509887695,24,,,
0.0005101188104189045,22899,,,,,
,22899,5.143392562866211,24,,,
0.0005087763023630506,22949,,,,,
,22949,5.1369805335998535,24,,,
0.0005074337943071966,22999,,,,,
,22999,4.996742248535156,24,,,
0.0005060912862513427,23049,,,,,
,23049,5.046453475952148,24,,,
0.0005047487781954888,23099,,,,,
,23099,4.860238075256348,24,,,
0.0005034062701396348,23149,,,,,
,23149,4.769661903381348,24,,,
0.0005020637620837809,23199,,,,,
,23199,5.267890930175781,24,,,
0.000500721254027927,23249,,,,,
,23249,4.461147308349609,24,,,
,23274,,24,77.57621002197266,97.77091217041016,73.17488861083984
0.000499378745972073,23299,,,,,
,23299,5.922088146209717,25,,,
0.0004980362379162192,23349,,,,,
,23349,4.804330825805664,25,,,
0.0004966937298603653,23399,,,,,
,23399,4.718209266662598,25,,,
0.0004953512218045113,23449,,,,,
,23449,4.980014801025391,25,,,
0.0004940087137486574,23499,,,,,
,23499,5.515467643737793,25,,,
0.0004926662056928035,23549,,,,,
,23549,5.025880813598633,25,,,
0.0004913236976369495,23599,,,,,
,23599,5.174559593200684,25,,,
0.0004899811895810956,23649,,,,,
,23649,5.179525375366211,25,,,
0.0004886386815252417,23699,,,,,
,23699,5.322134971618652,25,,,
0.00048729617346938785,23749,,,,,
,23749,4.3280839920043945,25,,,
0.00048595366541353386,23799,,,,,
,23799,5.199524879455566,25,,,
0.00048461115735767986,23849,,,,,
,23849,4.252987384796143,25,,,
0.0004832686493018261,23899,,,,,
,23899,4.752956867218018,25,,,
0.0004819261412459721,23949,,,,,
,23949,4.704009056091309,25,,,
0.0004805836331901181,23999,,,,,
,23999,5.122142314910889,25,,,
0.0004792411251342643,24049,,,,,
,24049,4.61923360824585,25,,,
0.0004778986170784103,24099,,,,,
,24099,4.6869401931762695,25,,,
0.00047655610902255644,24149,,,,,
,24149,5.069522857666016,25,,,
0.00047521360096670255,24199,,,,,
,24199,5.18843936920166,25,,,
,24205,,25,79.22405242919922,97.68909454345703,73.44046020507812
0.00047387109291084856,24249,,,,,
,24249,4.975395679473877,26,,,
0.0004725285848549947,24299,,,,,
,24299,4.991152763366699,26,,,
0.0004711860767991408,24349,,,,,
,24349,4.674712181091309,26,,,
0.0004698435687432868,24399,,,,,
,24399,4.90169620513916,26,,,
0.0004685010606874329,24449,,,,,
,24449,5.530180931091309,26,,,
0.0004671585526315789,24499,,,,,
,24499,5.158254623413086,26,,,
0.00046581604457572514,24549,,,,,
,24549,4.718376159667969,26,,,
0.00046447353651987114,24599,,,,,
,24599,4.703072547912598,26,,,
0.00046313102846401715,24649,,,,,
,24649,5.390392780303955,26,,,
0.00046178852040816337,24699,,,,,
,24699,4.729154586791992,26,,,
0.0004604460123523094,24749,,,,,
,24749,4.29410457611084,26,,,
0.0004591035042964555,24799,,,,,
,24799,4.951913833618164,26,,,
0.0004577609962406016,24849,,,,,
,24849,4.669058322906494,26,,,
0.0004564184881847476,24899,,,,,
,24899,4.846670150756836,26,,,
0.0004550759801288937,24949,,,,,
,24949,5.225212097167969,26,,,
0.00045373347207303973,24999,,,,,
,24999,4.325664520263672,26,,,
0.00045239096401718585,25049,,,,,
,25049,5.194358825683594,26,,,
0.00045104845596133196,25099,,,,,
,25099,4.407375335693359,26,,,
,25136,,26,79.59264373779297,97.74752807617188,74.02397918701172
0.00044970594790547797,25149,,,,,
,25149,5.164008617401123,27,,,
0.0004483634398496242,25199,,,,,
,25199,4.4769697189331055,27,,,
0.0004470209317937702,25249,,,,,
,25249,6.031878471374512,27,,,
0.0004456784237379162,25299,,,,,
,25299,4.285547733306885,27,,,
0.0004443359156820624,25349,,,,,
,25349,4.833310127258301,27,,,
0.00044299340762620843,25399,,,,,
,25399,5.406330585479736,27,,,
0.00044165089957035443,25449,,,,,
,25449,5.0098137855529785,27,,,
0.00044030839151450055,25499,,,,,
,25499,4.750980377197266,27,,,
0.00043896588345864666,25549,,,,,
,25549,4.990566253662109,27,,,
0.0004376233754027928,25599,,,,,
,25599,4.878761291503906,27,,,
0.0004362808673469388,25649,,,,,
,25649,5.820058822631836,27,,,
0.0004349383592910849,25699,,,,,
,25699,5.244932651519775,27,,,
0.000433595851235231,25749,,,,,
,25749,4.878253936767578,27,,,
0.000432253343179377,25799,,,,,
,25799,4.770626068115234,27,,,
0.00043091083512352313,25849,,,,,
,25849,5.5344343185424805,27,,,
0.00042956832706766924,25899,,,,,
,25899,4.841161727905273,27,,,
0.00042822581901181525,25949,,,,,
,25949,4.744017124176025,27,,,
0.00042688331095596147,25999,,,,,
,25999,6.112393379211426,27,,,
0.0004255408029001075,26049,,,,,
,26049,4.910045146942139,27,,,
,26067,,27,81.01161193847656,97.67695617675781,75.6388168334961
0.0004241982948442535,26099,,,,,
,26099,4.28604793548584,28,,,
0.0004228557867883996,26149,,,,,
,26149,5.3371124267578125,28,,,
0.0004215132787325457,26199,,,,,
,26199,5.0086822509765625,28,,,
0.0004201707706766917,26249,,,,,
,26249,4.717966079711914,28,,,
0.00041882826262083783,26299,,,,,
,26299,4.017792701721191,28,,,
0.00041748575456498395,26349,,,,,
,26349,4.256788730621338,28,,,
0.00041614324650913006,26399,,,,,
,26399,3.9730453491210938,28,,,
0.00041480073845327607,26449,,,,,
,26449,5.624346733093262,28,,,
0.0004134582303974222,26499,,,,,
,26499,4.069476127624512,28,,,
0.0004121157223415683,26549,,,,,
,26549,5.141984462738037,28,,,
0.0004107732142857143,26599,,,,,
,26599,5.0649542808532715,28,,,
0.0004094307062298603,26649,,,,,
,26649,4.729588508605957,28,,,
0.00040808819817400653,26699,,,,,
,26699,5.322365760803223,28,,,
0.00040674569011815253,26749,,,,,
,26749,4.443646430969238,28,,,
0.00040540318206229865,26799,,,,,
,26799,5.209618091583252,28,,,
0.00040406067400644476,26849,,,,,
,26849,4.057595252990723,28,,,
0.00040271816595059077,26899,,,,,
,26899,3.9823455810546875,28,,,
0.0004013756578947369,26949,,,,,
,26949,5.364681720733643,28,,,
,26998,,28,82.2921371459961,97.8770751953125,74.8189926147461
0.000400033149838883,26999,,,,,
,26999,4.294527053833008,29,,,
0.0003986906417830291,27049,,,,,
,27049,4.896080017089844,29,,,
0.0003973481337271751,27099,,,,,
,27099,4.375473976135254,29,,,
0.0003960056256713211,27149,,,,,
,27149,5.783567428588867,29,,,
0.00039466311761546735,27199,,,,,
,27199,4.6217498779296875,29,,,
0.00039332060955961335,27249,,,,,
,27249,4.507432460784912,29,,,
0.00039197810150375936,27299,,,,,
,27299,4.566106796264648,29,,,
0.0003906355934479056,27349,,,,,
,27349,4.336636543273926,29,,,
0.0003892930853920516,27399,,,,,
,27399,5.217264652252197,29,,,
0.0003879505773361977,27449,,,,,
,27449,5.062585830688477,29,,,
0.0003866080692803438,27499,,,,,
,27499,4.831083297729492,29,,,
0.0003852655612244898,27549,,,,,
,27549,5.284741401672363,29,,,
0.00038392305316863593,27599,,,,,
,27599,5.219932556152344,29,,,
0.00038258054511278205,27649,,,,,
,27649,4.142650604248047,29,,,
0.00038123803705692805,27699,,,,,
,27699,4.609020233154297,29,,,
0.00037989552900107417,27749,,,,,
,27749,4.4748640060424805,29,,,
0.0003785530209452202,27799,,,,,
,27799,4.732041358947754,29,,,
0.0003772105128893664,27849,,,,,
,27849,4.098964214324951,29,,,
0.0003758680048335124,27899,,,,,
,27899,4.466017246246338,29,,,
,27929,,29,82.4587631225586,97.82196044921875,76.36701965332031
0.0003745254967776584,27949,,,,,
,27949,4.160642623901367,30,,,
0.00037318298872180463,27999,,,,,
,27999,4.772501468658447,30,,,
0.00037184048066595064,28049,,,,,
,28049,4.219526290893555,30,,,
0.00037049797261009664,28099,,,,,
,28099,4.839609622955322,30,,,
0.00036915546455424286,28149,,,,,
,28149,5.194699764251709,30,,,
0.00036781295649838887,28199,,,,,
,28199,4.802651405334473,30,,,
0.000366470448442535,28249,,,,,
,28249,4.117250919342041,30,,,
0.000365127940386681,28299,,,,,
,28299,3.9216229915618896,30,,,
0.0003637854323308271,28349,,,,,
,28349,4.042932510375977,30,,,
0.0003624429242749732,28399,,,,,
,28399,4.839521408081055,30,,,
0.0003611004162191192,28449,,,,,
,28449,4.880452632904053,30,,,
0.00035975790816326534,28499,,,,,
,28499,4.525965690612793,30,,,
0.00035841540010741145,28549,,,,,
,28549,4.027150630950928,30,,,
0.00035707289205155746,28599,,,,,
,28599,3.7930822372436523,30,,,
0.0003557303839957037,28649,,,,,
,28649,4.487183570861816,30,,,
0.0003543878759398497,28699,,,,,
,28699,4.76425838470459,30,,,
0.0003530453678839957,28749,,,,,
,28749,4.302325248718262,30,,,
0.0003517028598281418,28799,,,,,
,28799,5.170443534851074,30,,,
0.0003503603517722879,28849,,,,,
,28849,4.606464862823486,30,,,
,28860,,30,84.14672088623047,97.93241119384766,75.09640502929688
0.0003490178437164339,28899,,,,,
,28899,4.097137451171875,31,,,
0.00034767533566058004,28949,,,,,
,28949,4.67286491394043,31,,,
0.00034633282760472615,28999,,,,,
,28999,4.374001502990723,31,,,
0.00034499031954887227,29049,,,,,
,29049,4.779789924621582,31,,,
0.0003436478114930183,29099,,,,,
,29099,4.275446891784668,31,,,
0.0003423053034371644,29149,,,,,
,29149,4.171360969543457,31,,,
0.0003409627953813105,29199,,,,,
,29199,5.193203926086426,31,,,
0.0003396202873254565,29249,,,,,
,29249,3.920544147491455,31,,,
0.0003382777792696025,29299,,,,,
,29299,5.213160991668701,31,,,
0.00033693527121374874,29349,,,,,
,29349,4.657164573669434,31,,,
0.00033559276315789474,29399,,,,,
,29399,5.8143792152404785,31,,,
0.00033425025510204086,29449,,,,,
,29449,4.448534965515137,31,,,
0.00033290774704618697,29499,,,,,
,29499,4.404385089874268,31,,,
0.000331565238990333,29549,,,,,
,29549,4.3947529792785645,31,,,
0.0003302227309344791,29599,,,,,
,29599,4.598432540893555,31,,,
0.0003288802228786252,29649,,,,,
,29649,4.967113971710205,31,,,
0.0003275377148227713,29699,,,,,
,29699,4.0968017578125,31,,,
0.0003261952067669173,29749,,,,,
,29749,3.9857354164123535,31,,,
,29791,,31,83.97644805908203,97.93537902832031,75.61302185058594
0.00032485269871106344,29799,,,,,
,29799,5.649489879608154,32,,,
0.00032351019065520955,29849,,,,,
,29849,3.936497211456299,32,,,
0.00032216768259935556,29899,,,,,
,29899,4.113820552825928,32,,,
0.00032082517454350157,29949,,,,,
,29949,3.6140875816345215,32,,,
0.0003194826664876478,29999,,,,,
,29999,4.832292556762695,32,,,
0.0003181401584317938,30049,,,,,
,30049,5.174135684967041,32,,,
0.0003167976503759399,30099,,,,,
,30099,4.098433017730713,32,,,
0.000315455142320086,30149,,,,,
,30149,4.495237350463867,32,,,
0.00031411263426423203,30199,,,,,
,30199,4.173050880432129,32,,,
0.00031277012620837814,30249,,,,,
,30249,4.195157527923584,32,,,
0.00031142761815252426,30299,,,,,
,30299,4.527226448059082,32,,,
0.00031008511009667026,30349,,,,,
,30349,4.012510299682617,32,,,
0.0003087426020408164,30399,,,,,
,30399,3.4682111740112305,32,,,
0.0003074000939849624,30449,,,,,
,30449,3.9957103729248047,32,,,
0.0003060575859291086,30499,,,,,
,30499,4.612728118896484,32,,,
0.0003047150778732546,30549,,,,,
,30549,4.47247314453125,32,,,
0.0003033725698174006,30599,,,,,
,30599,4.164020538330078,32,,,
0.00030203006176154684,30649,,,,,
,30649,4.336028099060059,32,,,
0.00030068755370569284,30699,,,,,
,30699,3.9962708950042725,32,,,
,30722,,32,84.29654693603516,97.68022155761719,77.46790313720703
0.00029934504564983885,30749,,,,,
,30749,5.5279059410095215,33,,,
0.00029800253759398507,30799,,,,,
,30799,3.4939446449279785,33,,,
0.0002966600295381311,30849,,,,,
,30849,4.486269950866699,33,,,
0.0002953175214822772,30899,,,,,
,30899,4.2639641761779785,33,,,
0.0002939750134264232,30949,,,,,
,30949,4.233400821685791,33,,,
0.0002926325053705693,30999,,,,,
,30999,4.0068559646606445,33,,,
0.0002912899973147154,31049,,,,,
,31049,4.917499542236328,33,,,
0.00028994748925886143,31099,,,,,
,31099,4.096084117889404,33,,,
0.00028860498120300755,31149,,,,,
,31149,4.009237289428711,33,,,
0.00028726247314715366,31199,,,,,
,31199,4.124938488006592,33,,,
0.00028591996509129967,31249,,,,,
,31249,4.682199478149414,33,,,
0.0002845774570354459,31299,,,,,
,31299,3.7400808334350586,33,,,
0.0002832349489795919,31349,,,,,
,31349,3.952212333679199,33,,,
0.0002818924409237379,31399,,,,,
,31399,4.806690216064453,33,,,
0.0002805499328678841,31449,,,,,
,31449,3.884793281555176,33,,,
0.00027920742481203013,31499,,,,,
,31499,3.8946118354797363,33,,,
0.00027786491675617613,31549,,,,,
,31549,3.9854254722595215,33,,,
0.00027652240870032225,31599,,,,,
,31599,5.468968868255615,33,,,
0.00027517990064446836,31649,,,,,
,31649,4.421145439147949,33,,,
,31653,,33,85.29779815673828,97.8544692993164,76.1661605834961
0.0002738373925886145,31699,,,,,
,31699,4.541872024536133,34,,,
0.0002724948845327605,31749,,,,,
,31749,4.413606643676758,34,,,
0.0002711523764769066,31799,,,,,
,31799,4.254436492919922,34,,,
0.0002698098684210527,31849,,,,,
,31849,3.9508554935455322,34,,,
0.0002684673603651987,31899,,,,,
,31899,4.3814311027526855,34,,,
0.00026712485230934494,31949,,,,,
,31949,4.81803560256958,34,,,
0.00026578234425349095,31999,,,,,
,31999,3.7614998817443848,34,,,
0.00026443983619763695,32049,,,,,
,32049,4.946998119354248,34,,,
0.00026309732814178307,32099,,,,,
,32099,3.5571746826171875,34,,,
0.0002617548200859292,32149,,,,,
,32149,4.362449645996094,34,,,
0.0002604123120300752,32199,,,,,
,32199,4.2333269119262695,34,,,
0.0002590698039742213,32249,,,,,
,32249,4.201406002044678,34,,,
0.0002577272959183674,32299,,,,,
,32299,4.662188529968262,34,,,
0.00025638478786251353,32349,,,,,
,32349,3.8487014770507812,34,,,
0.00025504227980665953,32399,,,,,
,32399,4.057692527770996,34,,,
0.00025369977175080565,32449,,,,,
,32449,3.945333480834961,34,,,
0.00025235726369495176,32499,,,,,
,32499,4.870546340942383,34,,,
0.00025101475563909777,32549,,,,,
,32549,4.692596435546875,34,,,
,32584,,34,86.70697784423828,98.00076293945312,76.85638427734375
0.0002496722475832438,32599,,,,,
,32599,3.5856802463531494,35,,,
0.00024832973952739,32649,,,,,
,32649,3.4970664978027344,35,,,
0.000246987231471536,32699,,,,,
,32699,3.598388910293579,35,,,
0.0002456447234156821,32749,,,,,
,32749,4.301711559295654,35,,,
0.00024430221535982823,32799,,,,,
,32799,4.855794906616211,35,,,
0.00024295970730397424,32849,,,,,
,32849,3.952563762664795,35,,,
0.00024161719924812035,32899,,,,,
,32899,4.1228861808776855,35,,,
0.00024027469119226646,32949,,,,,
,32949,3.6766276359558105,35,,,
0.00023893218313641247,32999,,,,,
,32999,4.456321716308594,35,,,
0.00023758967508055858,33049,,,,,
,33049,4.138948440551758,35,,,
0.0002362471670247047,33099,,,,,
,33099,3.959407329559326,35,,,
0.0002349046589688508,33149,,,,,
,33149,3.8208770751953125,35,,,
0.00023356215091299682,33199,,,,,
,33199,5.055240154266357,35,,,
0.00023221964285714282,33249,,,,,
,33249,4.0336713790893555,35,,,
0.00023087713480128905,33299,,,,,
,33299,3.3304948806762695,35,,,
0.00022953462674543505,33349,,,,,
,33349,3.7071542739868164,35,,,
0.00022819211868958106,33399,,,,,
,33399,3.5722720623016357,35,,,
0.00022684961063372728,33449,,,,,
,33449,4.148282051086426,35,,,
0.0002255071025778733,33499,,,,,
,33499,3.9422121047973633,35,,,
,33515,,35,85.65276336669922,98.07221221923828,77.36038970947266
0.0002241645945220194,33549,,,,,
,33549,3.996565580368042,36,,,
0.00022282208646616551,33599,,,,,
,33599,4.415850639343262,36,,,
0.00022147957841031152,33649,,,,,
,33649,3.7065343856811523,36,,,
0.00022013707035445763,33699,,,,,
,33699,4.285103797912598,36,,,
0.00021879456229860364,33749,,,,,
,33749,3.654207706451416,36,,,
0.00021745205424274975,33799,,,,,
,33799,3.835536003112793,36,,,
0.00021610954618689587,33849,,,,,
,33849,3.995694637298584,36,,,
0.00021476703813104187,33899,,,,,
,33899,3.975870132446289,36,,,
0.0002134245300751881,33949,,,,,
,33949,3.7314043045043945,36,,,
0.0002120820220193341,33999,,,,,
,33999,3.235884666442871,36,,,
0.0002107395139634801,34049,,,,,
,34049,4.323795795440674,36,,,
0.00020939700590762633,34099,,,,,
,34099,3.943810224533081,36,,,
0.00020805449785177234,34149,,,,,
,34149,3.8492138385772705,36,,,
0.00020671198979591834,34199,,,,,
,34199,4.012319564819336,36,,,
0.00020536948174006446,34249,,,,,
,34249,4.130130290985107,36,,,
0.00020402697368421057,34299,,,,,
,34299,4.103779315948486,36,,,
0.00020268446562835669,34349,,,,,
,34349,3.3748245239257812,36,,,
0.0002013419575725027,34399,,,,,
,34399,3.629302978515625,36,,,
,34446,,36,87.58240509033203,98.20069122314453,76.24812316894531
0.0001999994495166488,34449,,,,,
,34449,4.354274272918701,37,,,
0.00019865694146079492,34499,,,,,
,34499,4.362790584564209,37,,,
0.00019731443340494093,34549,,,,,
,34549,3.7224998474121094,37,,,
0.00019597192534908715,34599,,,,,
,34599,3.649596691131592,37,,,
0.00019462941729323315,34649,,,,,
,34649,3.4132637977600098,37,,,
0.00019328690923737916,34699,,,,,
,34699,3.735839366912842,37,,,
0.00019194440118152538,34749,,,,,
,34749,3.955211639404297,37,,,
0.0001906018931256714,34799,,,,,
,34799,3.9414315223693848,37,,,
0.0001892593850698174,34849,,,,,
,34849,3.545210361480713,37,,,
0.0001879168770139635,34899,,,,,
,34899,4.392678737640381,37,,,
0.00018657436895810962,34949,,,,,
,34949,4.188896656036377,37,,,
0.00018523186090225574,34999,,,,,
,34999,3.8048624992370605,37,,,
0.00018388935284640174,35049,,,,,
,35049,4.503220558166504,37,,,
0.00018254684479054786,35099,,,,,
,35099,4.760627746582031,37,,,
0.00018120433673469397,35149,,,,,
,35149,3.9628326892852783,37,,,
0.00017986182867883998,35199,,,,,
,35199,4.048500061035156,37,,,
0.0001785193206229861,35249,,,,,
,35249,3.343841075897217,37,,,
0.0001771768125671322,35299,,,,,
,35299,3.7913498878479004,37,,,
0.0001758343045112782,35349,,,,,
,35349,4.135097026824951,37,,,
,35377,,37,88.03307342529297,98.16973876953125,77.59998321533203
0.00017449179645542432,35399,,,,,
,35399,3.6989424228668213,38,,,
0.00017314928839957044,35449,,,,,
,35449,3.966792345046997,38,,,
0.00017180678034371644,35499,,,,,
,35499,4.541594505310059,38,,,
0.00017046427228786256,35549,,,,,
,35549,4.736787796020508,38,,,
0.00016912176423200867,35599,,,,,
,35599,4.671355724334717,38,,,
0.00016777925617615468,35649,,,,,
,35649,3.637024402618408,38,,,
0.0001664367481203008,35699,,,,,
,35699,3.547422170639038,38,,,
0.0001650942400644469,35749,,,,,
,35749,4.78596305847168,38,,,
0.00016375173200859302,35799,,,,,
,35799,3.101006031036377,38,,,
0.00016240922395273903,35849,,,,,
,35849,3.4753952026367188,38,,,
0.00016106671589688503,35899,,,,,
,35899,3.5571727752685547,38,,,
0.00015972420784103126,35949,,,,,
,35949,3.0089621543884277,38,,,
0.00015838169978517726,35999,,,,,
,35999,4.188894748687744,38,,,
0.00015703919172932327,36049,,,,,
,36049,4.035953521728516,38,,,
0.0001556966836734695,36099,,,,,
,36099,3.4785220623016357,38,,,
0.0001543541756176155,36149,,,,,
,36149,3.436135768890381,38,,,
0.0001530116675617616,36199,,,,,
,36199,3.5706417560577393,38,,,
0.00015166915950590772,36249,,,,,
,36249,3.030728578567505,38,,,
0.00015032665145005373,36299,,,,,
,36299,3.0081701278686523,38,,,
,36308,,38,88.48138427734375,98.09568786621094,78.56646728515625
0.00014898414339419984,36349,,,,,
,36349,4.081356048583984,39,,,
0.00014764163533834596,36399,,,,,
,36399,4.0006561279296875,39,,,
0.00014629912728249196,36449,,,,,
,36449,3.70135760307312,39,,,
0.00014495661922663808,36499,,,,,
,36499,3.4641852378845215,39,,,
0.00014361411117078408,36549,,,,,
,36549,3.9637186527252197,39,,,
0.0001422716031149303,36599,,,,,
,36599,3.6867740154266357,39,,,
0.0001409290950590763,36649,,,,,
,36649,3.0412380695343018,39,,,
0.00013958658700322232,36699,,,,,
,36699,3.4415977001190186,39,,,
0.00013824407894736854,36749,,,,,
,36749,3.147981643676758,39,,,
0.00013690157089151455,36799,,,,,
,36799,3.565664291381836,39,,,
0.00013555906283566055,36849,,,,,
,36849,3.7334659099578857,39,,,
0.00013421655477980677,36899,,,,,
,36899,3.463128089904785,39,,,
0.00013287404672395278,36949,,,,,
,36949,4.333591938018799,39,,,
0.0001315315386680989,36999,,,,,
,36999,3.6941709518432617,39,,,
0.0001301890306122449,37049,,,,,
,37049,3.364121437072754,39,,,
0.00012884652255639101,37099,,,,,
,37099,3.893019199371338,39,,,
0.00012750401450053713,37149,,,,,
,37149,3.305979013442993,39,,,
0.00012616150644468313,37199,,,,,
,37199,4.151719570159912,39,,,
,37239,,39,88.75894927978516,98.24410247802734,78.9283676147461
0.00012481899838882936,37249,,,,,
,37249,3.486286163330078,40,,,
0.00012347649033297536,37299,,,,,
,37299,3.934561014175415,40,,,
0.00012213398227712137,37349,,,,,
,37349,3.3565969467163086,40,,,
0.00012079147422126759,37399,,,,,
,37399,3.6037216186523438,40,,,
0.0001194489661654136,37449,,,,,
,37449,3.3181724548339844,40,,,
0.0001181064581095596,37499,,,,,
,37499,2.852726936340332,40,,,
0.00011676395005370572,37549,,,,,
,37549,3.6444931030273438,40,,,
0.00011542144199785183,37599,,,,,
,37599,3.046356439590454,40,,,
0.00011407893394199794,37649,,,,,
,37649,3.97171688079834,40,,,
0.00011273642588614395,37699,,,,,
,37699,2.751094102859497,40,,,
0.00011139391783029006,37749,,,,,
,37749,3.338526964187622,40,,,
0.00011005140977443618,37799,,,,,
,37799,3.4982991218566895,40,,,
0.00010870890171858218,37849,,,,,
,37849,3.7037205696105957,40,,,
0.0001073663936627283,37899,,,,,
,37899,3.9252400398254395,40,,,
0.00010602388560687441,37949,,,,,
,37949,4.835834503173828,40,,,
0.00010468137755102042,37999,,,,,
,37999,3.999128818511963,40,,,
0.00010333886949516664,38049,,,,,
,38049,3.9063973426818848,40,,,
0.00010199636143931265,38099,,,,,
,38099,3.9961276054382324,40,,,
0.00010065385338345865,38149,,,,,
,38149,4.173663139343262,40,,,
,38170,,40,89.24837493896484,98.25519561767578,79.26972961425781
9.931134532760477e-05,38199,,,,,
,38199,3.278057336807251,41,,,
9.796883727175088e-05,38249,,,,,
,38249,3.071856737136841,41,,,
9.662632921589689e-05,38299,,,,,
,38299,4.031264305114746,41,,,
9.5283821160043e-05,38349,,,,,
,38349,3.9360811710357666,41,,,
9.394131310418912e-05,38399,,,,,
,38399,3.7677552700042725,41,,,
9.259880504833523e-05,38449,,,,,
,38449,3.4625892639160156,41,,,
9.125629699248123e-05,38499,,,,,
,38499,3.384570360183716,41,,,
8.991378893662735e-05,38549,,,,,
,38549,4.181549072265625,41,,,
8.857128088077346e-05,38599,,,,,
,38599,3.3765130043029785,41,,,
8.722877282491947e-05,38649,,,,,
,38649,3.172238826751709,41,,,
8.588626476906547e-05,38699,,,,,
,38699,3.5462570190429688,41,,,
8.45437567132117e-05,38749,,,,,
,38749,3.259228467941284,41,,,
8.32012486573577e-05,38799,,,,,
,38799,3.9667999744415283,41,,,
8.185874060150382e-05,38849,,,,,
,38849,3.940284013748169,41,,,
8.051623254564993e-05,38899,,,,,
,38899,3.564380407333374,41,,,
7.917372448979594e-05,38949,,,,,
,38949,3.409590005874634,41,,,
7.783121643394205e-05,38999,,,,,
,38999,3.5506157875061035,41,,,
7.648870837808817e-05,39049,,,,,
,39049,3.630840301513672,41,,,
7.514620032223417e-05,39099,,,,,
,39099,3.4398107528686523,41,,,
,39101,,41,89.47396850585938,98.14300537109375,79.65878295898438
7.380369226638029e-05,39149,,,,,
,39149,3.2550320625305176,42,,,
7.246118421052629e-05,39199,,,,,
,39199,3.1872670650482178,42,,,
7.111867615467251e-05,39249,,,,,
,39249,3.828683853149414,42,,,
6.977616809881852e-05,39299,,,,,
,39299,4.212368011474609,42,,,
6.843366004296453e-05,39349,,,,,
,39349,3.259511947631836,42,,,
6.709115198711075e-05,39399,,,,,
,39399,3.2877981662750244,42,,,
6.574864393125675e-05,39449,,,,,
,39449,3.2859537601470947,42,,,
6.440613587540287e-05,39499,,,,,
,39499,4.084674835205078,42,,,
6.306362781954898e-05,39549,,,,,
,39549,3.9843461513519287,42,,,
6.172111976369499e-05,39599,,,,,
,39599,3.4061295986175537,42,,,
6.03786117078411e-05,39649,,,,,
,39649,3.5024232864379883,42,,,
5.9036103651987216e-05,39699,,,,,
,39699,4.1631598472595215,42,,,
5.769359559613322e-05,39749,,,,,
,39749,3.031778335571289,42,,,
5.6351087540279336e-05,39799,,,,,
,39799,2.9547505378723145,42,,,
5.500857948442534e-05,39849,,,,,
,39849,3.5423057079315186,42,,,
5.3666071428571565e-05,39899,,,,,
,39899,2.428947925567627,42,,,
5.232356337271757e-05,39949,,,,,
,39949,3.8743419647216797,42,,,
5.0981055316863576e-05,39999,,,,,
,39999,3.7063281536102295,42,,,
,40032,,42,90.81060028076172,98.30168914794922,79.86944580078125
4.96385472610098e-05,40049,,,,,
,40049,3.9464948177337646,43,,,
